date,family,model,fold,actual,predicted
2017-04-26,BEVERAGES,Seasonal naive,0,58350.0,59979.0
2017-04-27,BEVERAGES,Seasonal naive,0,47617.0,49677.0
2017-04-28,BEVERAGES,Seasonal naive,0,68118.0,66068.0
2017-04-29,BEVERAGES,Seasonal naive,0,98609.0,96655.0
2017-04-30,BEVERAGES,Seasonal naive,0,101151.0,126860.0
2017-05-01,BEVERAGES,Seasonal naive,0,129197.0,61911.0
2017-05-02,BEVERAGES,Seasonal naive,0,72436.0,56369.0
2017-05-03,BEVERAGES,Seasonal naive,0,71392.0,59979.0
2017-05-04,BEVERAGES,Seasonal naive,0,56089.0,49677.0
2017-05-05,BEVERAGES,Seasonal naive,0,65475.0,66068.0
2017-05-06,BEVERAGES,Seasonal naive,0,100486.0,96655.0
2017-05-07,BEVERAGES,Seasonal naive,0,121316.0,126860.0
2017-05-08,BEVERAGES,Seasonal naive,0,63284.0,61911.0
2017-05-09,BEVERAGES,Seasonal naive,0,52159.0,56369.0
2017-05-10,BEVERAGES,Seasonal naive,0,56213.0,59979.0
2017-05-11,BEVERAGES,Seasonal naive,0,48135.0,49677.0
2017-05-12,BEVERAGES,Seasonal naive,0,62174.0,66068.0
2017-05-13,BEVERAGES,Seasonal naive,0,105447.0,96655.0
2017-05-14,BEVERAGES,Seasonal naive,0,83033.0,126860.0
2017-05-15,BEVERAGES,Seasonal naive,0,65085.0,61911.0
2017-05-16,BEVERAGES,Seasonal naive,0,59464.0,56369.0
2017-05-17,BEVERAGES,Seasonal naive,0,61996.0,59979.0
2017-05-18,BEVERAGES,Seasonal naive,0,48118.0,49677.0
2017-05-19,BEVERAGES,Seasonal naive,0,65291.0,66068.0
2017-05-20,BEVERAGES,Seasonal naive,0,97524.0,96655.0
2017-05-21,BEVERAGES,Seasonal naive,0,118750.0,126860.0
2017-05-22,BEVERAGES,Seasonal naive,0,62955.0,61911.0
2017-05-23,BEVERAGES,Seasonal naive,0,53348.0,56369.0
2017-04-26,BEVERAGES,Prophet,0,58350.0,59672.09038313717
2017-04-27,BEVERAGES,Prophet,0,47617.0,51908.31149849584
2017-04-28,BEVERAGES,Prophet,0,68118.0,60620.56534178621
2017-04-29,BEVERAGES,Prophet,0,98609.0,83629.29238810908
2017-04-30,BEVERAGES,Prophet,0,101151.0,91530.46155569315
2017-05-01,BEVERAGES,Prophet,0,129197.0,65913.7924795463
2017-05-02,BEVERAGES,Prophet,0,72436.0,54021.69412360292
2017-05-03,BEVERAGES,Prophet,0,71392.0,56543.04323517626
2017-05-04,BEVERAGES,Prophet,0,56089.0,47248.05414987628
2017-05-05,BEVERAGES,Prophet,0,65475.0,55929.87735076383
2017-05-06,BEVERAGES,Prophet,0,100486.0,78676.68345478311
2017-05-07,BEVERAGES,Prophet,0,121316.0,87379.67281242975
2017-05-08,BEVERAGES,Prophet,0,63284.0,56654.85380831289
2017-05-09,BEVERAGES,Prophet,0,52159.0,50474.48757418785
2017-05-10,BEVERAGES,Prophet,0,56213.0,56781.45777099773
2017-05-11,BEVERAGES,Prophet,0,48135.0,47941.4714670128
2017-05-12,BEVERAGES,Prophet,0,62174.0,62236.99381817179
2017-05-13,BEVERAGES,Prophet,0,105447.0,85654.21162174716
2017-05-14,BEVERAGES,Prophet,0,83033.0,94417.88344894932
2017-05-15,BEVERAGES,Prophet,0,65085.0,59389.87226100789
2017-05-16,BEVERAGES,Prophet,0,59464.0,53678.56319479648
2017-05-17,BEVERAGES,Prophet,0,61996.0,56948.059344425215
2017-05-18,BEVERAGES,Prophet,0,48118.0,50025.11235808941
2017-05-19,BEVERAGES,Prophet,0,65291.0,59607.70844477775
2017-05-20,BEVERAGES,Prophet,0,97524.0,83230.24002824837
2017-05-21,BEVERAGES,Prophet,0,118750.0,92322.7189404006
2017-05-22,BEVERAGES,Prophet,0,62955.0,62315.92159232168
2017-05-23,BEVERAGES,Prophet,0,53348.0,57116.31015320256
2017-04-26,BEVERAGES,XGBoost,0,58350.0,60717.3359375
2017-04-27,BEVERAGES,XGBoost,0,47617.0,50747.50390625
2017-04-28,BEVERAGES,XGBoost,0,68118.0,64932.1640625
2017-04-29,BEVERAGES,XGBoost,0,98609.0,96047.8046875
2017-04-30,BEVERAGES,XGBoost,0,101151.0,113626.703125
2017-05-01,BEVERAGES,XGBoost,0,129197.0,70992.859375
2017-05-02,BEVERAGES,XGBoost,0,72436.0,63549.72265625
2017-05-03,BEVERAGES,XGBoost,0,71392.0,62228.80859375
2017-05-04,BEVERAGES,XGBoost,0,56089.0,51220.31640625
2017-05-05,BEVERAGES,XGBoost,0,65475.0,63892.97265625
2017-05-06,BEVERAGES,XGBoost,0,100486.0,89496.640625
2017-05-07,BEVERAGES,XGBoost,0,121316.0,105854.421875
2017-05-08,BEVERAGES,XGBoost,0,63284.0,58542.84765625
2017-05-09,BEVERAGES,XGBoost,0,52159.0,54848.203125
2017-05-10,BEVERAGES,XGBoost,0,56213.0,58325.28125
2017-05-11,BEVERAGES,XGBoost,0,48135.0,50965.4375
2017-05-12,BEVERAGES,XGBoost,0,62174.0,66681.5
2017-05-13,BEVERAGES,XGBoost,0,105447.0,86592.09375
2017-05-14,BEVERAGES,XGBoost,0,83033.0,96593.453125
2017-05-15,BEVERAGES,XGBoost,0,65085.0,60422.2109375
2017-05-16,BEVERAGES,XGBoost,0,59464.0,55507.9921875
2017-05-17,BEVERAGES,XGBoost,0,61996.0,58637.3515625
2017-05-18,BEVERAGES,XGBoost,0,48118.0,47871.2578125
2017-05-19,BEVERAGES,XGBoost,0,65291.0,63108.86328125
2017-05-20,BEVERAGES,XGBoost,0,97524.0,86185.7890625
2017-05-21,BEVERAGES,XGBoost,0,118750.0,99064.3125
2017-05-22,BEVERAGES,XGBoost,0,62955.0,59402.67578125
2017-05-23,BEVERAGES,XGBoost,0,53348.0,55719.3203125
2017-04-26,BREAD/BAKERY,Seasonal naive,0,10149.207,10538.238
2017-04-27,BREAD/BAKERY,Seasonal naive,0,7698.174,8661.812
2017-04-28,BREAD/BAKERY,Seasonal naive,0,10806.98,11102.224
2017-04-29,BREAD/BAKERY,Seasonal naive,0,13286.472,13058.552
2017-04-30,BREAD/BAKERY,Seasonal naive,0,13739.741,16764.514
2017-05-01,BREAD/BAKERY,Seasonal naive,0,18199.22,9997.071
2017-05-02,BREAD/BAKERY,Seasonal naive,0,10847.565,9251.438
2017-05-03,BREAD/BAKERY,Seasonal naive,0,11193.435,10538.238
2017-05-04,BREAD/BAKERY,Seasonal naive,0,8884.912,8661.812
2017-05-05,BREAD/BAKERY,Seasonal naive,0,10998.08,11102.224
2017-05-06,BREAD/BAKERY,Seasonal naive,0,13959.35,13058.552
2017-05-07,BREAD/BAKERY,Seasonal naive,0,17382.011,16764.514
2017-05-08,BREAD/BAKERY,Seasonal naive,0,10874.331,9997.071
2017-05-09,BREAD/BAKERY,Seasonal naive,0,9226.26,9251.438
2017-05-10,BREAD/BAKERY,Seasonal naive,0,10100.223,10538.238
2017-05-11,BREAD/BAKERY,Seasonal naive,0,8428.757,8661.812
2017-05-12,BREAD/BAKERY,Seasonal naive,0,10686.526,11102.224
2017-05-13,BREAD/BAKERY,Seasonal naive,0,15316.83,13058.552
2017-05-14,BREAD/BAKERY,Seasonal naive,0,12082.927,16764.514
2017-05-15,BREAD/BAKERY,Seasonal naive,0,11081.085,9997.071
2017-05-16,BREAD/BAKERY,Seasonal naive,0,10389.355,9251.438
2017-05-17,BREAD/BAKERY,Seasonal naive,0,10961.733,10538.238
2017-05-18,BREAD/BAKERY,Seasonal naive,0,8359.659,8661.812
2017-05-19,BREAD/BAKERY,Seasonal naive,0,11093.669,11102.224
2017-05-20,BREAD/BAKERY,Seasonal naive,0,13941.446,13058.552
2017-05-21,BREAD/BAKERY,Seasonal naive,0,17060.024,16764.514
2017-05-22,BREAD/BAKERY,Seasonal naive,0,10494.663,9997.071
2017-05-23,BREAD/BAKERY,Seasonal naive,0,8892.275,9251.438
2017-04-26,BREAD/BAKERY,Prophet,0,10149.207,11344.184548750643
2017-04-27,BREAD/BAKERY,Prophet,0,7698.174,9846.59061777177
2017-04-28,BREAD/BAKERY,Prophet,0,10806.98,11418.698799354504
2017-04-29,BREAD/BAKERY,Prophet,0,13286.472,14361.976535728018
2017-04-30,BREAD/BAKERY,Prophet,0,13739.741,16173.268013450132
2017-05-01,BREAD/BAKERY,Prophet,0,18199.22,12330.345554059644
2017-05-02,BREAD/BAKERY,Prophet,0,10847.565,10670.857419484477
2017-05-03,BREAD/BAKERY,Prophet,0,11193.435,11607.45351041644
2017-05-04,BREAD/BAKERY,Prophet,0,8884.912,9891.568499322184
2017-05-05,BREAD/BAKERY,Prophet,0,10998.08,11427.671559997314
2017-05-06,BREAD/BAKERY,Prophet,0,13959.35,14302.679911534622
2017-05-07,BREAD/BAKERY,Prophet,0,17382.011,16221.55786449554
2017-05-08,BREAD/BAKERY,Prophet,0,10874.331,11780.884759412893
2017-05-09,BREAD/BAKERY,Prophet,0,9226.26,10549.116211651848
2017-05-10,BREAD/BAKERY,Prophet,0,10100.223,11363.550937221116
2017-05-11,BREAD/BAKERY,Prophet,0,8428.757,9715.726354019784
2017-05-12,BREAD/BAKERY,Prophet,0,10686.526,11654.082958755418
2017-05-13,BREAD/BAKERY,Prophet,0,15316.83,14579.715951879369
2017-05-14,BREAD/BAKERY,Prophet,0,12082.927,16495.1307789571
2017-05-15,BREAD/BAKERY,Prophet,0,11081.085,11723.739410586491
2017-05-16,BREAD/BAKERY,Prophet,0,10389.355,10509.868504133685
2017-05-17,BREAD/BAKERY,Prophet,0,10961.733,11295.799905578684
2017-05-18,BREAD/BAKERY,Prophet,0,8359.659,9828.675398043808
2017-05-19,BREAD/BAKERY,Prophet,0,11093.669,11305.719928996725
2017-05-20,BREAD/BAKERY,Prophet,0,13941.446,14253.699652787223
2017-05-21,BREAD/BAKERY,Prophet,0,17060.024,16167.248886208456
2017-05-22,BREAD/BAKERY,Prophet,0,10494.663,11783.957887455092
2017-05-23,BREAD/BAKERY,Prophet,0,8892.275,10527.18844147616
2017-04-26,BREAD/BAKERY,XGBoost,0,10149.207,11560.4775390625
2017-04-27,BREAD/BAKERY,XGBoost,0,7698.174,10346.6318359375
2017-04-28,BREAD/BAKERY,XGBoost,0,10806.98,13067.720703125
2017-04-29,BREAD/BAKERY,XGBoost,0,13286.472,16744.341796875
2017-04-30,BREAD/BAKERY,XGBoost,0,13739.741,17042.408203125
2017-05-01,BREAD/BAKERY,XGBoost,0,18199.22,11875.8818359375
2017-05-02,BREAD/BAKERY,XGBoost,0,10847.565,10943.2578125
2017-05-03,BREAD/BAKERY,XGBoost,0,11193.435,12248.1923828125
2017-05-04,BREAD/BAKERY,XGBoost,0,8884.912,10693.2705078125
2017-05-05,BREAD/BAKERY,XGBoost,0,10998.08,13249.669921875
2017-05-06,BREAD/BAKERY,XGBoost,0,13959.35,17536.646484375
2017-05-07,BREAD/BAKERY,XGBoost,0,17382.011,19043.2734375
2017-05-08,BREAD/BAKERY,XGBoost,0,10874.331,11190.0849609375
2017-05-09,BREAD/BAKERY,XGBoost,0,9226.26,11022.44140625
2017-05-10,BREAD/BAKERY,XGBoost,0,10100.223,12696.5859375
2017-05-11,BREAD/BAKERY,XGBoost,0,8428.757,11196.244140625
2017-05-12,BREAD/BAKERY,XGBoost,0,10686.526,14462.0498046875
2017-05-13,BREAD/BAKERY,XGBoost,0,15316.83,17920.470703125
2017-05-14,BREAD/BAKERY,XGBoost,0,12082.927,18952.44921875
2017-05-15,BREAD/BAKERY,XGBoost,0,11081.085,11614.666015625
2017-05-16,BREAD/BAKERY,XGBoost,0,10389.355,11286.767578125
2017-05-17,BREAD/BAKERY,XGBoost,0,10961.733,13248.5341796875
2017-05-18,BREAD/BAKERY,XGBoost,0,8359.659,11457.974609375
2017-05-19,BREAD/BAKERY,XGBoost,0,11093.669,14553.2109375
2017-05-20,BREAD/BAKERY,XGBoost,0,13941.446,18076.552734375
2017-05-21,BREAD/BAKERY,XGBoost,0,17060.024,19612.01171875
2017-05-22,BREAD/BAKERY,XGBoost,0,10494.663,11881.5546875
2017-05-23,BREAD/BAKERY,XGBoost,0,8892.275,11578.4033203125
2017-04-26,CLEANING,Seasonal naive,0,19516.0,18420.0
2017-04-27,CLEANING,Seasonal naive,0,15225.0,16653.0
2017-04-28,CLEANING,Seasonal naive,0,20643.0,20202.0
2017-04-29,CLEANING,Seasonal naive,0,27318.0,25417.0
2017-04-30,CLEANING,Seasonal naive,0,29463.0,30688.0
2017-05-01,CLEANING,Seasonal naive,0,38317.0,18728.0
2017-05-02,CLEANING,Seasonal naive,0,22182.0,16645.0
2017-05-03,CLEANING,Seasonal naive,0,23462.0,18420.0
2017-05-04,CLEANING,Seasonal naive,0,18908.0,16653.0
2017-05-05,CLEANING,Seasonal naive,0,20445.0,20202.0
2017-05-06,CLEANING,Seasonal naive,0,27504.0,25417.0
2017-05-07,CLEANING,Seasonal naive,0,31574.0,30688.0
2017-05-08,CLEANING,Seasonal naive,0,19955.0,18728.0
2017-05-09,CLEANING,Seasonal naive,0,16298.0,16645.0
2017-05-10,CLEANING,Seasonal naive,0,17412.0,18420.0
2017-05-11,CLEANING,Seasonal naive,0,14759.0,16653.0
2017-05-12,CLEANING,Seasonal naive,0,18183.0,20202.0
2017-05-13,CLEANING,Seasonal naive,0,26708.0,25417.0
2017-05-14,CLEANING,Seasonal naive,0,19738.0,30688.0
2017-05-15,CLEANING,Seasonal naive,0,19986.0,18728.0
2017-05-16,CLEANING,Seasonal naive,0,19916.0,16645.0
2017-05-17,CLEANING,Seasonal naive,0,20613.0,18420.0
2017-05-18,CLEANING,Seasonal naive,0,15459.0,16653.0
2017-05-19,CLEANING,Seasonal naive,0,20234.0,20202.0
2017-05-20,CLEANING,Seasonal naive,0,28623.0,25417.0
2017-05-21,CLEANING,Seasonal naive,0,32653.0,30688.0
2017-05-22,CLEANING,Seasonal naive,0,20760.0,18728.0
2017-05-23,CLEANING,Seasonal naive,0,18680.0,16645.0
2017-04-26,CLEANING,Prophet,0,19516.0,19816.171613775743
2017-04-27,CLEANING,Prophet,0,15225.0,16775.624366354896
2017-04-28,CLEANING,Prophet,0,20643.0,19240.66191082589
2017-04-29,CLEANING,Prophet,0,27318.0,26659.378329938045
2017-04-30,CLEANING,Prophet,0,29463.0,28981.61140147873
2017-05-01,CLEANING,Prophet,0,38317.0,22157.935650132997
2017-05-02,CLEANING,Prophet,0,22182.0,18091.0847682632
2017-05-03,CLEANING,Prophet,0,23462.0,19485.367313681723
2017-05-04,CLEANING,Prophet,0,18908.0,16232.043032304138
2017-05-05,CLEANING,Prophet,0,20445.0,18653.54133174106
2017-05-06,CLEANING,Prophet,0,27504.0,26206.12234409235
2017-05-07,CLEANING,Prophet,0,31574.0,28806.58903292824
2017-05-08,CLEANING,Prophet,0,19955.0,19831.90181790345
2017-05-09,CLEANING,Prophet,0,16298.0,17694.06656997697
2017-05-10,CLEANING,Prophet,0,17412.0,19790.605288536724
2017-05-11,CLEANING,Prophet,0,14759.0,16170.733573433095
2017-05-12,CLEANING,Prophet,0,18183.0,20404.976455965705
2017-05-13,CLEANING,Prophet,0,26708.0,28134.821222360897
2017-05-14,CLEANING,Prophet,0,19738.0,30747.228367229774
2017-05-15,CLEANING,Prophet,0,19986.0,20360.41922444072
2017-05-16,CLEANING,Prophet,0,19916.0,18420.29445141697
2017-05-17,CLEANING,Prophet,0,20613.0,19805.14957143025
2017-05-18,CLEANING,Prophet,0,15459.0,16639.18973560521
2017-05-19,CLEANING,Prophet,0,20234.0,19303.06091590887
2017-05-20,CLEANING,Prophet,0,28623.0,27115.46517334464
2017-05-21,CLEANING,Prophet,0,32653.0,29778.9838138244
2017-05-22,CLEANING,Prophet,0,20760.0,21042.81201240706
2017-05-23,CLEANING,Prophet,0,18680.0,18931.683396198856
2017-04-26,CLEANING,XGBoost,0,19516.0,18133.10546875
2017-04-27,CLEANING,XGBoost,0,15225.0,15828.912109375
2017-04-28,CLEANING,XGBoost,0,20643.0,20499.716796875
2017-04-29,CLEANING,XGBoost,0,27318.0,29128.35546875
2017-04-30,CLEANING,XGBoost,0,29463.0,31923.095703125
2017-05-01,CLEANING,XGBoost,0,38317.0,20942.4140625
2017-05-02,CLEANING,XGBoost,0,22182.0,18940.669921875
2017-05-03,CLEANING,XGBoost,0,23462.0,18691.791015625
2017-05-04,CLEANING,XGBoost,0,18908.0,17134.1953125
2017-05-05,CLEANING,XGBoost,0,20445.0,20954.80859375
2017-05-06,CLEANING,XGBoost,0,27504.0,29027.521484375
2017-05-07,CLEANING,XGBoost,0,31574.0,32570.37890625
2017-05-08,CLEANING,XGBoost,0,19955.0,18561.013671875
2017-05-09,CLEANING,XGBoost,0,16298.0,16170.7861328125
2017-05-10,CLEANING,XGBoost,0,17412.0,17098.7578125
2017-05-11,CLEANING,XGBoost,0,14759.0,15955.9404296875
2017-05-12,CLEANING,XGBoost,0,18183.0,21210.48046875
2017-05-13,CLEANING,XGBoost,0,26708.0,28830.740234375
2017-05-14,CLEANING,XGBoost,0,19738.0,32667.693359375
2017-05-15,CLEANING,XGBoost,0,19986.0,18951.12890625
2017-05-16,CLEANING,XGBoost,0,19916.0,16757.8515625
2017-05-17,CLEANING,XGBoost,0,20613.0,18123.775390625
2017-05-18,CLEANING,XGBoost,0,15459.0,16588.71875
2017-05-19,CLEANING,XGBoost,0,20234.0,21542.486328125
2017-05-20,CLEANING,XGBoost,0,28623.0,28790.974609375
2017-05-21,CLEANING,XGBoost,0,32653.0,33550.12109375
2017-05-22,CLEANING,XGBoost,0,20760.0,18680.392578125
2017-05-23,CLEANING,XGBoost,0,18680.0,16536.728515625
2017-04-26,DAIRY,Seasonal naive,0,18125.0,18688.0
2017-04-27,DAIRY,Seasonal naive,0,14411.0,15616.0
2017-04-28,DAIRY,Seasonal naive,0,19621.0,21019.0
2017-04-29,DAIRY,Seasonal naive,0,26322.0,25837.0
2017-04-30,DAIRY,Seasonal naive,0,27221.0,32302.0
2017-05-01,DAIRY,Seasonal naive,0,34813.0,17898.0
2017-05-02,DAIRY,Seasonal naive,0,20664.0,16553.0
2017-05-03,DAIRY,Seasonal naive,0,21514.0,18688.0
2017-05-04,DAIRY,Seasonal naive,0,17305.0,15616.0
2017-05-05,DAIRY,Seasonal naive,0,20177.0,21019.0
2017-05-06,DAIRY,Seasonal naive,0,27088.0,25837.0
2017-05-07,DAIRY,Seasonal naive,0,33169.0,32302.0
2017-05-08,DAIRY,Seasonal naive,0,19371.0,17898.0
2017-05-09,DAIRY,Seasonal naive,0,16193.0,16553.0
2017-05-10,DAIRY,Seasonal naive,0,18920.0,18688.0
2017-05-11,DAIRY,Seasonal naive,0,14664.0,15616.0
2017-05-12,DAIRY,Seasonal naive,0,19616.0,21019.0
2017-05-13,DAIRY,Seasonal naive,0,31230.0,25837.0
2017-05-14,DAIRY,Seasonal naive,0,21574.0,32302.0
2017-05-15,DAIRY,Seasonal naive,0,18711.0,17898.0
2017-05-16,DAIRY,Seasonal naive,0,17706.0,16553.0
2017-05-17,DAIRY,Seasonal naive,0,18900.0,18688.0
2017-05-18,DAIRY,Seasonal naive,0,14239.0,15616.0
2017-05-19,DAIRY,Seasonal naive,0,18963.0,21019.0
2017-05-20,DAIRY,Seasonal naive,0,26330.0,25837.0
2017-05-21,DAIRY,Seasonal naive,0,31837.0,32302.0
2017-05-22,DAIRY,Seasonal naive,0,18015.0,17898.0
2017-05-23,DAIRY,Seasonal naive,0,15179.0,16553.0
2017-04-26,DAIRY,Prophet,0,18125.0,19207.60281749041
2017-04-27,DAIRY,Prophet,0,14411.0,16361.443568980212
2017-04-28,DAIRY,Prophet,0,19621.0,19394.82699940515
2017-04-29,DAIRY,Prophet,0,26322.0,25310.9038961618
2017-04-30,DAIRY,Prophet,0,27221.0,27463.32522568598
2017-05-01,DAIRY,Prophet,0,34813.0,20863.82485571028
2017-05-02,DAIRY,Prophet,0,20664.0,17701.200941654995
2017-05-03,DAIRY,Prophet,0,21514.0,19712.77913139298
2017-05-04,DAIRY,Prophet,0,17305.0,16636.5437363569
2017-05-05,DAIRY,Prophet,0,20177.0,19663.51367551062
2017-05-06,DAIRY,Prophet,0,27088.0,25451.293178080174
2017-05-07,DAIRY,Prophet,0,33169.0,27768.17219842574
2017-05-08,DAIRY,Prophet,0,19371.0,19917.52730051421
2017-05-09,DAIRY,Prophet,0,16193.0,18224.29869502612
2017-05-10,DAIRY,Prophet,0,18920.0,20212.067551429223
2017-05-11,DAIRY,Prophet,0,14664.0,16796.84702559092
2017-05-12,DAIRY,Prophet,0,19616.0,20904.79793637368
2017-05-13,DAIRY,Prophet,0,31230.0,26849.37315825726
2017-05-14,DAIRY,Prophet,0,21574.0,29059.992422889463
2017-05-15,DAIRY,Prophet,0,18711.0,20124.60006606346
2017-05-16,DAIRY,Prophet,0,17706.0,18253.568588074435
2017-05-17,DAIRY,Prophet,0,18900.0,19792.361778237373
2017-05-18,DAIRY,Prophet,0,14239.0,16923.85981261131
2017-05-19,DAIRY,Prophet,0,18963.0,19915.93229594604
2017-05-20,DAIRY,Prophet,0,26330.0,25802.12720159631
2017-05-21,DAIRY,Prophet,0,31837.0,28006.831025914165
2017-05-22,DAIRY,Prophet,0,18015.0,20151.195390756904
2017-05-23,DAIRY,Prophet,0,15179.0,18188.73092474128
2017-04-26,DAIRY,XGBoost,0,18125.0,18384.060546875
2017-04-27,DAIRY,XGBoost,0,14411.0,16817.892578125
2017-04-28,DAIRY,XGBoost,0,19621.0,22531.208984375
2017-04-29,DAIRY,XGBoost,0,26322.0,30347.447265625
2017-04-30,DAIRY,XGBoost,0,27221.0,33714.8515625
2017-05-01,DAIRY,XGBoost,0,34813.0,20341.748046875
2017-05-02,DAIRY,XGBoost,0,20664.0,18160.048828125
2017-05-03,DAIRY,XGBoost,0,21514.0,18764.1171875
2017-05-04,DAIRY,XGBoost,0,17305.0,16140.4287109375
2017-05-05,DAIRY,XGBoost,0,20177.0,21256.21875
2017-05-06,DAIRY,XGBoost,0,27088.0,29069.6484375
2017-05-07,DAIRY,XGBoost,0,33169.0,33878.4609375
2017-05-08,DAIRY,XGBoost,0,19371.0,18394.6171875
2017-05-09,DAIRY,XGBoost,0,16193.0,16320.9677734375
2017-05-10,DAIRY,XGBoost,0,18920.0,18307.572265625
2017-05-11,DAIRY,XGBoost,0,14664.0,17830.333984375
2017-05-12,DAIRY,XGBoost,0,19616.0,23344.18359375
2017-05-13,DAIRY,XGBoost,0,31230.0,30427.25
2017-05-14,DAIRY,XGBoost,0,21574.0,33420.62890625
2017-05-15,DAIRY,XGBoost,0,18711.0,19154.599609375
2017-05-16,DAIRY,XGBoost,0,17706.0,17161.59765625
2017-05-17,DAIRY,XGBoost,0,18900.0,18630.05078125
2017-05-18,DAIRY,XGBoost,0,14239.0,16054.46484375
2017-05-19,DAIRY,XGBoost,0,18963.0,21476.123046875
2017-05-20,DAIRY,XGBoost,0,26330.0,28736.9140625
2017-05-21,DAIRY,XGBoost,0,31837.0,34098.8984375
2017-05-22,DAIRY,XGBoost,0,18015.0,18166.986328125
2017-05-23,DAIRY,XGBoost,0,15179.0,16220.369140625
2017-04-26,GROCERY I,Seasonal naive,0,69907.0,75085.0
2017-04-27,GROCERY I,Seasonal naive,0,55735.0,65682.0
2017-04-28,GROCERY I,Seasonal naive,0,79311.0,81324.0
2017-04-29,GROCERY I,Seasonal naive,0,112502.0,102416.0
2017-04-30,GROCERY I,Seasonal naive,0,115349.0,128010.0
2017-05-01,GROCERY I,Seasonal naive,0,153655.0,73557.0
2017-05-02,GROCERY I,Seasonal naive,0,84988.0,66051.0
2017-05-03,GROCERY I,Seasonal naive,0,90874.0,75085.0
2017-05-04,GROCERY I,Seasonal naive,0,68877.0,65682.0
2017-05-05,GROCERY I,Seasonal naive,0,84041.0,81324.0
2017-05-06,GROCERY I,Seasonal naive,0,111947.0,102416.0
2017-05-07,GROCERY I,Seasonal naive,0,135853.0,128010.0
2017-05-08,GROCERY I,Seasonal naive,0,81205.0,73557.0
2017-05-09,GROCERY I,Seasonal naive,0,71452.0,66051.0
2017-05-10,GROCERY I,Seasonal naive,0,74304.0,75085.0
2017-05-11,GROCERY I,Seasonal naive,0,62205.0,65682.0
2017-05-12,GROCERY I,Seasonal naive,0,79084.0,81324.0
2017-05-13,GROCERY I,Seasonal naive,0,121940.0,102416.0
2017-05-14,GROCERY I,Seasonal naive,0,90782.0,128010.0
2017-05-15,GROCERY I,Seasonal naive,0,80175.0,73557.0
2017-05-16,GROCERY I,Seasonal naive,0,77023.0,66051.0
2017-05-17,GROCERY I,Seasonal naive,0,80346.0,75085.0
2017-05-18,GROCERY I,Seasonal naive,0,59672.0,65682.0
2017-05-19,GROCERY I,Seasonal naive,0,77954.0,81324.0
2017-05-20,GROCERY I,Seasonal naive,0,111489.0,102416.0
2017-05-21,GROCERY I,Seasonal naive,0,133120.0,128010.0
2017-05-22,GROCERY I,Seasonal naive,0,75111.0,73557.0
2017-05-23,GROCERY I,Seasonal naive,0,66478.0,66051.0
2017-04-26,GROCERY I,Prophet,0,69907.0,83759.47297748284
2017-04-27,GROCERY I,Prophet,0,55735.0,72703.29164990975
2017-04-28,GROCERY I,Prophet,0,79311.0,81949.82741195556
2017-04-29,GROCERY I,Prophet,0,112502.0,109449.52920677573
2017-04-30,GROCERY I,Prophet,0,115349.0,118919.06206032858
2017-05-01,GROCERY I,Prophet,0,153655.0,92705.93831548007
2017-05-02,GROCERY I,Prophet,0,84988.0,75511.55455155368
2017-05-03,GROCERY I,Prophet,0,90874.0,81425.55956980726
2017-05-04,GROCERY I,Prophet,0,68877.0,67150.73940511743
2017-05-05,GROCERY I,Prophet,0,84041.0,76914.09788643142
2017-05-06,GROCERY I,Prophet,0,111947.0,104321.77720239852
2017-05-07,GROCERY I,Prophet,0,135853.0,115328.52995673334
2017-05-08,GROCERY I,Prophet,0,81205.0,80900.41800420811
2017-05-09,GROCERY I,Prophet,0,71452.0,73034.73836961092
2017-05-10,GROCERY I,Prophet,0,74304.0,78373.91834248365
2017-05-11,GROCERY I,Prophet,0,62205.0,65079.35866154544
2017-05-12,GROCERY I,Prophet,0,79084.0,83509.99824289045
2017-05-13,GROCERY I,Prophet,0,121940.0,112209.08837717284
2017-05-14,GROCERY I,Prophet,0,90782.0,122322.83636655843
2017-05-15,GROCERY I,Prophet,0,80175.0,80147.35971330684
2017-05-16,GROCERY I,Prophet,0,77023.0,72991.39443237189
2017-05-17,GROCERY I,Prophet,0,80346.0,76464.72367522499
2017-05-18,GROCERY I,Prophet,0,59672.0,65932.48836369271
2017-05-19,GROCERY I,Prophet,0,77954.0,75312.24318720528
2017-05-20,GROCERY I,Prophet,0,111489.0,104613.37956580945
2017-05-21,GROCERY I,Prophet,0,133120.0,115178.42681701486
2017-05-22,GROCERY I,Prophet,0,75111.0,81048.45377313574
2017-05-23,GROCERY I,Prophet,0,66478.0,73554.1329620372
2017-04-26,GROCERY I,XGBoost,0,69907.0,73286.546875
2017-04-27,GROCERY I,XGBoost,0,55735.0,67809.3046875
2017-04-28,GROCERY I,XGBoost,0,79311.0,84754.4453125
2017-04-29,GROCERY I,XGBoost,0,112502.0,110317.140625
2017-04-30,GROCERY I,XGBoost,0,115349.0,137713.921875
2017-05-01,GROCERY I,XGBoost,0,153655.0,87286.0390625
2017-05-02,GROCERY I,XGBoost,0,84988.0,75103.9765625
2017-05-03,GROCERY I,XGBoost,0,90874.0,75596.640625
2017-05-04,GROCERY I,XGBoost,0,68877.0,66712.8125
2017-05-05,GROCERY I,XGBoost,0,84041.0,74542.5234375
2017-05-06,GROCERY I,XGBoost,0,111947.0,106150.25
2017-05-07,GROCERY I,XGBoost,0,135853.0,114540.0546875
2017-05-08,GROCERY I,XGBoost,0,81205.0,67588.9453125
2017-05-09,GROCERY I,XGBoost,0,71452.0,64503.8515625
2017-05-10,GROCERY I,XGBoost,0,74304.0,70557.1484375
2017-05-11,GROCERY I,XGBoost,0,62205.0,64198.25
2017-05-12,GROCERY I,XGBoost,0,79084.0,74814.7890625
2017-05-13,GROCERY I,XGBoost,0,121940.0,100868.359375
2017-05-14,GROCERY I,XGBoost,0,90782.0,118154.1796875
2017-05-15,GROCERY I,XGBoost,0,80175.0,66567.3046875
2017-05-16,GROCERY I,XGBoost,0,77023.0,63080.296875
2017-05-17,GROCERY I,XGBoost,0,80346.0,68062.375
2017-05-18,GROCERY I,XGBoost,0,59672.0,62312.62890625
2017-05-19,GROCERY I,XGBoost,0,77954.0,71787.2265625
2017-05-20,GROCERY I,XGBoost,0,111489.0,98272.9765625
2017-05-21,GROCERY I,XGBoost,0,133120.0,112735.65625
2017-05-22,GROCERY I,XGBoost,0,75111.0,67257.3828125
2017-05-23,GROCERY I,XGBoost,0,66478.0,64063.1328125
2017-04-26,MEATS,Seasonal naive,0,6285.635,7517.482
2017-04-27,MEATS,Seasonal naive,0,5544.241,6743.032
2017-04-28,MEATS,Seasonal naive,0,14610.914,14655.495
2017-04-29,MEATS,Seasonal naive,0,9683.003,9139.789
2017-04-30,MEATS,Seasonal naive,0,9604.277,10351.925
2017-05-01,MEATS,Seasonal naive,0,12036.406,6471.905
2017-05-02,MEATS,Seasonal naive,0,7292.034,6238.511
2017-05-03,MEATS,Seasonal naive,0,7471.349999999999,7517.482
2017-05-04,MEATS,Seasonal naive,0,6489.813,6743.032
2017-05-05,MEATS,Seasonal naive,0,14590.291,14655.495
2017-05-06,MEATS,Seasonal naive,0,9525.85,9139.789
2017-05-07,MEATS,Seasonal naive,0,10675.905,10351.925
2017-05-08,MEATS,Seasonal naive,0,6612.519,6471.905
2017-05-09,MEATS,Seasonal naive,0,6086.174,6238.511
2017-05-10,MEATS,Seasonal naive,0,6630.92,7517.482
2017-05-11,MEATS,Seasonal naive,0,5845.679,6743.032
2017-05-12,MEATS,Seasonal naive,0,14566.693,14655.495
2017-05-13,MEATS,Seasonal naive,0,11465.547,9139.789
2017-05-14,MEATS,Seasonal naive,0,7924.045,10351.925
2017-05-15,MEATS,Seasonal naive,0,7220.994,6471.905
2017-05-16,MEATS,Seasonal naive,0,7271.807,6238.511
2017-05-17,MEATS,Seasonal naive,0,7131.003,7517.482
2017-05-18,MEATS,Seasonal naive,0,5526.657999999999,6743.032
2017-05-19,MEATS,Seasonal naive,0,13808.052,14655.495
2017-05-20,MEATS,Seasonal naive,0,9923.653,9139.789
2017-05-21,MEATS,Seasonal naive,0,10506.827,10351.925
2017-05-22,MEATS,Seasonal naive,0,6579.286,6471.905
2017-05-23,MEATS,Seasonal naive,0,6228.598,6238.511
2017-04-26,MEATS,Prophet,0,6285.635,7167.264934735979
2017-04-27,MEATS,Prophet,0,5544.241,6332.1334496450245
2017-04-28,MEATS,Prophet,0,14610.914,13306.193676918949
2017-04-29,MEATS,Prophet,0,9683.003,9936.076664686976
2017-04-30,MEATS,Prophet,0,9604.277,10185.881580128049
2017-05-01,MEATS,Prophet,0,12036.406,7818.879099544568
2017-05-02,MEATS,Prophet,0,7292.034,6879.363172613073
2017-05-03,MEATS,Prophet,0,7471.349999999999,7302.305407549013
2017-05-04,MEATS,Prophet,0,6489.813,6441.283792829603
2017-05-05,MEATS,Prophet,0,14590.291,13270.038136455294
2017-05-06,MEATS,Prophet,0,9525.85,9985.101356608517
2017-05-07,MEATS,Prophet,0,10675.905,10218.694722484855
2017-05-08,MEATS,Prophet,0,6612.519,7470.73582093551
2017-05-09,MEATS,Prophet,0,6086.174,6844.970091066406
2017-05-10,MEATS,Prophet,0,6630.92,7237.289147976823
2017-05-11,MEATS,Prophet,0,5845.679,6413.871971802992
2017-05-12,MEATS,Prophet,0,14566.693,13624.19160912168
2017-05-13,MEATS,Prophet,0,11465.547,10301.78404314275
2017-05-14,MEATS,Prophet,0,7924.045,10545.567170046052
2017-05-15,MEATS,Prophet,0,7220.994,7384.042108364359
2017-05-16,MEATS,Prophet,0,7271.807,6816.644915939965
2017-05-17,MEATS,Prophet,0,7131.003,7180.180979587862
2017-05-18,MEATS,Prophet,0,5526.657999999999,6343.628830352394
2017-05-19,MEATS,Prophet,0,13808.052,13125.739002988625
2017-05-20,MEATS,Prophet,0,9923.653,9893.811042508794
2017-05-21,MEATS,Prophet,0,10506.827,10136.69133390055
2017-05-22,MEATS,Prophet,0,6579.286,7406.2975236991715
2017-05-23,MEATS,Prophet,0,6228.598,6814.948037036812
2017-04-26,MEATS,XGBoost,0,6285.635,9537.54296875
2017-04-27,MEATS,XGBoost,0,5544.241,8029.71875
2017-04-28,MEATS,XGBoost,0,14610.914,16137.03125
2017-04-29,MEATS,XGBoost,0,9683.003,12126.876953125
2017-04-30,MEATS,XGBoost,0,9604.277,12363.3203125
2017-05-01,MEATS,XGBoost,0,12036.406,9088.2783203125
2017-05-02,MEATS,XGBoost,0,7292.034,8324.958984375
2017-05-03,MEATS,XGBoost,0,7471.349999999999,9982.787109375
2017-05-04,MEATS,XGBoost,0,6489.813,8351.517578125
2017-05-05,MEATS,XGBoost,0,14590.291,17221.5078125
2017-05-06,MEATS,XGBoost,0,9525.85,14615.1162109375
2017-05-07,MEATS,XGBoost,0,10675.905,12511.671875
2017-05-08,MEATS,XGBoost,0,6612.519,8475.3564453125
2017-05-09,MEATS,XGBoost,0,6086.174,8324.4248046875
2017-05-10,MEATS,XGBoost,0,6630.92,10564.2900390625
2017-05-11,MEATS,XGBoost,0,5845.679,8815.0361328125
2017-05-12,MEATS,XGBoost,0,14566.693,17631.73046875
2017-05-13,MEATS,XGBoost,0,11465.547,16338.5869140625
2017-05-14,MEATS,XGBoost,0,7924.045,12827.0859375
2017-05-15,MEATS,XGBoost,0,7220.994,8907.888671875
2017-05-16,MEATS,XGBoost,0,7271.807,9069.29296875
2017-05-17,MEATS,XGBoost,0,7131.003,10288.54296875
2017-05-18,MEATS,XGBoost,0,5526.657999999999,9198.7724609375
2017-05-19,MEATS,XGBoost,0,13808.052,17324.484375
2017-05-20,MEATS,XGBoost,0,9923.653,17952.83203125
2017-05-21,MEATS,XGBoost,0,10506.827,15257.15625
2017-05-22,MEATS,XGBoost,0,6579.286,7601.2607421875
2017-05-23,MEATS,XGBoost,0,6228.598,9611.8828125
2017-04-26,POULTRY,Seasonal naive,0,7520.376,8447.222
2017-04-27,POULTRY,Seasonal naive,0,6304.676,6926.402
2017-04-28,POULTRY,Seasonal naive,0,15937.566,18503.924
2017-04-29,POULTRY,Seasonal naive,0,11827.137,11154.741
2017-04-30,POULTRY,Seasonal naive,0,12040.771,14687.607
2017-05-01,POULTRY,Seasonal naive,0,15899.313,8550.125
2017-05-02,POULTRY,Seasonal naive,0,9848.797,7611.781
2017-05-03,POULTRY,Seasonal naive,0,9276.954,8447.222
2017-05-04,POULTRY,Seasonal naive,0,7916.199,6926.402
2017-05-05,POULTRY,Seasonal naive,0,16466.487,18503.924
2017-05-06,POULTRY,Seasonal naive,0,12043.349,11154.741
2017-05-07,POULTRY,Seasonal naive,0,14617.334,14687.607
2017-05-08,POULTRY,Seasonal naive,0,8737.039,8550.125
2017-05-09,POULTRY,Seasonal naive,0,6654.749,7611.781
2017-05-10,POULTRY,Seasonal naive,0,8039.46,8447.222
2017-05-11,POULTRY,Seasonal naive,0,6465.84,6926.402
2017-05-12,POULTRY,Seasonal naive,0,15740.28,18503.924
2017-05-13,POULTRY,Seasonal naive,0,13483.646,11154.741
2017-05-14,POULTRY,Seasonal naive,0,9755.527,14687.607
2017-05-15,POULTRY,Seasonal naive,0,9166.362,8550.125
2017-05-16,POULTRY,Seasonal naive,0,8948.065999999999,7611.781
2017-05-17,POULTRY,Seasonal naive,0,8755.403999999999,8447.222
2017-05-18,POULTRY,Seasonal naive,0,6464.772,6926.402
2017-05-19,POULTRY,Seasonal naive,0,13031.643,18503.924
2017-05-20,POULTRY,Seasonal naive,0,11862.227,11154.741
2017-05-21,POULTRY,Seasonal naive,0,14046.946,14687.607
2017-05-22,POULTRY,Seasonal naive,0,9164.213,8550.125
2017-05-23,POULTRY,Seasonal naive,0,7544.753,7611.781
2017-04-26,POULTRY,Prophet,0,7520.376,8016.818007994865
2017-04-27,POULTRY,Prophet,0,6304.676,6613.766663230686
2017-04-28,POULTRY,Prophet,0,15937.566,13269.951689584765
2017-04-29,POULTRY,Prophet,0,11827.137,11621.872762113337
2017-04-30,POULTRY,Prophet,0,12040.771,12941.664207503409
2017-05-01,POULTRY,Prophet,0,15899.313,9167.188061881096
2017-05-02,POULTRY,Prophet,0,9848.797,7867.907674581635
2017-05-03,POULTRY,Prophet,0,9276.954,7967.339594750243
2017-05-04,POULTRY,Prophet,0,7916.199,6550.697565991242
2017-05-05,POULTRY,Prophet,0,16466.487,13096.00458056275
2017-05-06,POULTRY,Prophet,0,12043.349,11555.497570975343
2017-05-07,POULTRY,Prophet,0,14617.334,12887.699800915228
2017-05-08,POULTRY,Prophet,0,8737.039,8536.928418718531
2017-05-09,POULTRY,Prophet,0,6654.749,7829.002514301515
2017-05-10,POULTRY,Prophet,0,8039.46,7969.653571518371
2017-05-11,POULTRY,Prophet,0,6465.84,6590.572516832322
2017-05-12,POULTRY,Prophet,0,15740.28,13763.018583246365
2017-05-13,POULTRY,Prophet,0,13483.646,12165.505556475073
2017-05-14,POULTRY,Prophet,0,9755.527,13497.116528962011
2017-05-15,POULTRY,Prophet,0,9166.362,8587.9654709433
2017-05-16,POULTRY,Prophet,0,8948.065999999999,7898.009340664759
2017-05-17,POULTRY,Prophet,0,8755.403999999999,8032.063051514442
2017-05-18,POULTRY,Prophet,0,6464.772,6647.092960353253
2017-05-19,POULTRY,Prophet,0,13031.643,13226.602599625783
2017-05-20,POULTRY,Prophet,0,11862.227,11656.71425687378
2017-05-21,POULTRY,Prophet,0,14046.946,12997.183727478428
2017-05-22,POULTRY,Prophet,0,9164.213,8670.193644597764
2017-05-23,POULTRY,Prophet,0,7544.753,7973.492469565215
2017-04-26,POULTRY,XGBoost,0,7520.376,9407.0908203125
2017-04-27,POULTRY,XGBoost,0,6304.676,8189.2646484375
2017-04-28,POULTRY,XGBoost,0,15937.566,17861.9765625
2017-04-29,POULTRY,XGBoost,0,11827.137,16603.6953125
2017-04-30,POULTRY,XGBoost,0,12040.771,14611.6416015625
2017-05-01,POULTRY,XGBoost,0,15899.313,9598.6728515625
2017-05-02,POULTRY,XGBoost,0,9848.797,9182.658203125
2017-05-03,POULTRY,XGBoost,0,9276.954,10202.607421875
2017-05-04,POULTRY,XGBoost,0,7916.199,8587.537109375
2017-05-05,POULTRY,XGBoost,0,16466.487,17697.0
2017-05-06,POULTRY,XGBoost,0,12043.349,17536.3515625
2017-05-07,POULTRY,XGBoost,0,14617.334,16814.2265625
2017-05-08,POULTRY,XGBoost,0,8737.039,9259.20703125
2017-05-09,POULTRY,XGBoost,0,6654.749,9013.2783203125
2017-05-10,POULTRY,XGBoost,0,8039.46,9993.8828125
2017-05-11,POULTRY,XGBoost,0,6465.84,9094.9033203125
2017-05-12,POULTRY,XGBoost,0,15740.28,18123.55078125
2017-05-13,POULTRY,XGBoost,0,13483.646,19307.09765625
2017-05-14,POULTRY,XGBoost,0,9755.527,19263.23828125
2017-05-15,POULTRY,XGBoost,0,9166.362,10692.412109375
2017-05-16,POULTRY,XGBoost,0,8948.065999999999,9614.328125
2017-05-17,POULTRY,XGBoost,0,8755.403999999999,10834.58984375
2017-05-18,POULTRY,XGBoost,0,6464.772,9376.392578125
2017-05-19,POULTRY,XGBoost,0,13031.643,18898.54296875
2017-05-20,POULTRY,XGBoost,0,11862.227,18745.060546875
2017-05-21,POULTRY,XGBoost,0,14046.946,18556.015625
2017-05-22,POULTRY,XGBoost,0,9164.213,10117.9462890625
2017-05-23,POULTRY,XGBoost,0,7544.753,9813.873046875
2017-04-26,PRODUCE,Seasonal naive,0,71801.775,75227.879
2017-04-27,PRODUCE,Seasonal naive,0,37573.141,41087.128
2017-04-28,PRODUCE,Seasonal naive,0,50797.117,52554.664
2017-04-29,PRODUCE,Seasonal naive,0,62735.986,63047.079
2017-04-30,PRODUCE,Seasonal naive,0,64504.352,74008.644
2017-05-01,PRODUCE,Seasonal naive,0,83144.356,45428.618
2017-05-02,PRODUCE,Seasonal naive,0,53982.14,43280.644
2017-05-03,PRODUCE,Seasonal naive,0,80424.497,75227.879
2017-05-04,PRODUCE,Seasonal naive,0,43132.634,41087.128
2017-05-05,PRODUCE,Seasonal naive,0,50189.217,52554.664
2017-05-06,PRODUCE,Seasonal naive,0,65504.133,63047.079
2017-05-07,PRODUCE,Seasonal naive,0,80101.751,74008.644
2017-05-08,PRODUCE,Seasonal naive,0,50662.744,45428.618
2017-05-09,PRODUCE,Seasonal naive,0,42642.68,43280.644
2017-05-10,PRODUCE,Seasonal naive,0,74015.58499999999,75227.879
2017-05-11,PRODUCE,Seasonal naive,0,38477.076,41087.128
2017-05-12,PRODUCE,Seasonal naive,0,52039.163,52554.664
2017-05-13,PRODUCE,Seasonal naive,0,80493.269,63047.079
2017-05-14,PRODUCE,Seasonal naive,0,57529.797,74008.644
2017-05-15,PRODUCE,Seasonal naive,0,52555.321,45428.618
2017-05-16,PRODUCE,Seasonal naive,0,49587.232,43280.644
2017-05-17,PRODUCE,Seasonal naive,0,80088.581,75227.879
2017-05-18,PRODUCE,Seasonal naive,0,39382.491,41087.128
2017-05-19,PRODUCE,Seasonal naive,0,50598.059,52554.664
2017-05-20,PRODUCE,Seasonal naive,0,66765.035,63047.079
2017-05-21,PRODUCE,Seasonal naive,0,82424.039,74008.644
2017-05-22,PRODUCE,Seasonal naive,0,50801.091,45428.618
2017-05-23,PRODUCE,Seasonal naive,0,41301.199,43280.644
2017-04-26,PRODUCE,Prophet,0,71801.775,66194.46972687138
2017-04-27,PRODUCE,Prophet,0,37573.141,31884.870443523305
2017-04-28,PRODUCE,Prophet,0,50797.117,35867.35034035494
2017-04-29,PRODUCE,Prophet,0,62735.986,45441.25868104693
2017-04-30,PRODUCE,Prophet,0,64504.352,49146.35601533909
2017-05-01,PRODUCE,Prophet,0,83144.356,41036.03767980543
2017-05-02,PRODUCE,Prophet,0,53982.14,32735.15154146624
2017-05-03,PRODUCE,Prophet,0,80424.497,64312.40604806869
2017-05-04,PRODUCE,Prophet,0,43132.634,28327.732645899632
2017-05-05,PRODUCE,Prophet,0,50189.217,32084.316204818777
2017-05-06,PRODUCE,Prophet,0,65504.133,41625.215256293
2017-05-07,PRODUCE,Prophet,0,80101.751,45391.21887646453
2017-05-08,PRODUCE,Prophet,0,50662.744,33986.4620058345
2017-05-09,PRODUCE,Prophet,0,42642.68,29551.659097783457
2017-05-10,PRODUCE,Prophet,0,74015.58499999999,63071.31538101634
2017-05-11,PRODUCE,Prophet,0,38477.076,28291.937484704853
2017-05-12,PRODUCE,Prophet,0,52039.163,35954.35628517644
2017-05-13,PRODUCE,Prophet,0,80493.269,45573.192273885375
2017-05-14,PRODUCE,Prophet,0,57529.797,49596.193307826026
2017-05-15,PRODUCE,Prophet,0,52555.321,35032.09270864124
2017-05-16,PRODUCE,Prophet,0,49587.232,31106.4549618374
2017-05-17,PRODUCE,Prophet,0,80088.581,63106.925426430906
2017-05-18,PRODUCE,Prophet,0,39382.491,29066.041419858724
2017-05-19,PRODUCE,Prophet,0,50598.059,33855.04675198709
2017-05-20,PRODUCE,Prophet,0,66765.035,44000.47129289235
2017-05-21,PRODUCE,Prophet,0,82424.039,48443.87489586771
2017-05-22,PRODUCE,Prophet,0,50801.091,37774.257994063504
2017-05-23,PRODUCE,Prophet,0,41301.199,34505.49271149912
2017-04-26,PRODUCE,XGBoost,0,71801.775,72023.2265625
2017-04-27,PRODUCE,XGBoost,0,37573.141,49708.98828125
2017-04-28,PRODUCE,XGBoost,0,50797.117,55157.453125
2017-04-29,PRODUCE,XGBoost,0,62735.986,73389.640625
2017-04-30,PRODUCE,XGBoost,0,64504.352,89467.75
2017-05-01,PRODUCE,XGBoost,0,83144.356,59412.39453125
2017-05-02,PRODUCE,XGBoost,0,53982.14,49257.13671875
2017-05-03,PRODUCE,XGBoost,0,80424.497,70679.4375
2017-05-04,PRODUCE,XGBoost,0,43132.634,51236.40625
2017-05-05,PRODUCE,XGBoost,0,50189.217,52564.89453125
2017-05-06,PRODUCE,XGBoost,0,65504.133,71688.578125
2017-05-07,PRODUCE,XGBoost,0,80101.751,84198.3359375
2017-05-08,PRODUCE,XGBoost,0,50662.744,50277.96875
2017-05-09,PRODUCE,XGBoost,0,42642.68,42897.49609375
2017-05-10,PRODUCE,XGBoost,0,74015.58499999999,68888.390625
2017-05-11,PRODUCE,XGBoost,0,38477.076,51143.5625
2017-05-12,PRODUCE,XGBoost,0,52039.163,56271.12890625
2017-05-13,PRODUCE,XGBoost,0,80493.269,76300.1015625
2017-05-14,PRODUCE,XGBoost,0,57529.797,84753.4453125
2017-05-15,PRODUCE,XGBoost,0,52555.321,55429.6328125
2017-05-16,PRODUCE,XGBoost,0,49587.232,46710.296875
2017-05-17,PRODUCE,XGBoost,0,80088.581,70287.8671875
2017-05-18,PRODUCE,XGBoost,0,39382.491,52666.35546875
2017-05-19,PRODUCE,XGBoost,0,50598.059,55347.109375
2017-05-20,PRODUCE,XGBoost,0,66765.035,76647.1484375
2017-05-21,PRODUCE,XGBoost,0,82424.039,83397.3515625
2017-05-22,PRODUCE,XGBoost,0,50801.091,51684.421875
2017-05-23,PRODUCE,XGBoost,0,41301.199,44555.1015625
2017-05-24,BEVERAGES,Seasonal naive,1,58697.0,61996.0
2017-05-25,BEVERAGES,Seasonal naive,1,50270.0,48118.0
2017-05-26,BEVERAGES,Seasonal naive,1,89828.0,65291.0
2017-05-27,BEVERAGES,Seasonal naive,1,85219.0,97524.0
2017-05-28,BEVERAGES,Seasonal naive,1,104663.0,118750.0
2017-05-29,BEVERAGES,Seasonal naive,1,61036.0,62955.0
2017-05-30,BEVERAGES,Seasonal naive,1,57339.0,53348.0
2017-05-31,BEVERAGES,Seasonal naive,1,61511.0,61996.0
2017-06-01,BEVERAGES,Seasonal naive,1,61538.0,48118.0
2017-06-02,BEVERAGES,Seasonal naive,1,83466.0,65291.0
2017-06-03,BEVERAGES,Seasonal naive,1,117831.0,97524.0
2017-06-04,BEVERAGES,Seasonal naive,1,149904.0,118750.0
2017-06-05,BEVERAGES,Seasonal naive,1,77301.0,62955.0
2017-06-06,BEVERAGES,Seasonal naive,1,61748.0,53348.0
2017-06-07,BEVERAGES,Seasonal naive,1,68547.0,61996.0
2017-06-08,BEVERAGES,Seasonal naive,1,53526.0,48118.0
2017-06-09,BEVERAGES,Seasonal naive,1,69739.0,65291.0
2017-06-10,BEVERAGES,Seasonal naive,1,104864.0,97524.0
2017-06-11,BEVERAGES,Seasonal naive,1,128477.0,118750.0
2017-06-12,BEVERAGES,Seasonal naive,1,62741.0,62955.0
2017-06-13,BEVERAGES,Seasonal naive,1,58894.0,53348.0
2017-06-14,BEVERAGES,Seasonal naive,1,59088.0,61996.0
2017-06-15,BEVERAGES,Seasonal naive,1,53668.0,48118.0
2017-06-16,BEVERAGES,Seasonal naive,1,74693.0,65291.0
2017-06-17,BEVERAGES,Seasonal naive,1,109130.0,97524.0
2017-06-18,BEVERAGES,Seasonal naive,1,95557.0,118750.0
2017-06-19,BEVERAGES,Seasonal naive,1,66204.0,62955.0
2017-06-20,BEVERAGES,Seasonal naive,1,67628.0,53348.0
2017-05-24,BEVERAGES,Prophet,1,58697.0,63224.95776239881
2017-05-25,BEVERAGES,Prophet,1,50270.0,55687.30667781153
2017-05-26,BEVERAGES,Prophet,1,89828.0,70965.97809521662
2017-05-27,BEVERAGES,Prophet,1,85219.0,89215.78876128611
2017-05-28,BEVERAGES,Prophet,1,104663.0,97998.8950472636
2017-05-29,BEVERAGES,Prophet,1,61036.0,67890.18630303856
2017-05-30,BEVERAGES,Prophet,1,57339.0,62335.04032535591
2017-05-31,BEVERAGES,Prophet,1,61511.0,64617.19642410921
2017-06-01,BEVERAGES,Prophet,1,61538.0,55945.5575607719
2017-06-02,BEVERAGES,Prophet,1,83466.0,66034.22554829909
2017-06-03,BEVERAGES,Prophet,1,117831.0,89535.33580208513
2017-06-04,BEVERAGES,Prophet,1,149904.0,98171.59504009243
2017-06-05,BEVERAGES,Prophet,1,77301.0,67654.47703523356
2017-06-06,BEVERAGES,Prophet,1,61748.0,61850.94779262202
2017-06-07,BEVERAGES,Prophet,1,68547.0,64015.30214687827
2017-06-08,BEVERAGES,Prophet,1,53526.0,56472.98663975704
2017-06-09,BEVERAGES,Prophet,1,69739.0,65277.24196340557
2017-06-10,BEVERAGES,Prophet,1,104864.0,88656.19632238579
2017-06-11,BEVERAGES,Prophet,1,128477.0,97215.23907554203
2017-06-12,BEVERAGES,Prophet,1,62741.0,66781.44646539893
2017-06-13,BEVERAGES,Prophet,1,58894.0,60806.070267177616
2017-06-14,BEVERAGES,Prophet,1,59088.0,62497.31213376422
2017-06-15,BEVERAGES,Prophet,1,53668.0,54660.85183851863
2017-06-16,BEVERAGES,Prophet,1,74693.0,63461.31005737586
2017-06-17,BEVERAGES,Prophet,1,109130.0,86865.23897050852
2017-06-18,BEVERAGES,Prophet,1,95557.0,95404.1217987443
2017-06-19,BEVERAGES,Prophet,1,66204.0,64986.14423122163
2017-06-20,BEVERAGES,Prophet,1,67628.0,58727.32374333675
2017-05-24,BEVERAGES,XGBoost,1,58697.0,56057.5
2017-05-25,BEVERAGES,XGBoost,1,50270.0,46998.8671875
2017-05-26,BEVERAGES,XGBoost,1,89828.0,68070.7578125
2017-05-27,BEVERAGES,XGBoost,1,85219.0,95882.796875
2017-05-28,BEVERAGES,XGBoost,1,104663.0,105831.671875
2017-05-29,BEVERAGES,XGBoost,1,61036.0,67118.5625
2017-05-30,BEVERAGES,XGBoost,1,57339.0,63661.62109375
2017-05-31,BEVERAGES,XGBoost,1,61511.0,64094.1328125
2017-06-01,BEVERAGES,XGBoost,1,61538.0,54812.40625
2017-06-02,BEVERAGES,XGBoost,1,83466.0,68513.5859375
2017-06-03,BEVERAGES,XGBoost,1,117831.0,98150.2578125
2017-06-04,BEVERAGES,XGBoost,1,149904.0,112130.5546875
2017-06-05,BEVERAGES,XGBoost,1,77301.0,63285.9375
2017-06-06,BEVERAGES,XGBoost,1,61748.0,54645.4609375
2017-06-07,BEVERAGES,XGBoost,1,68547.0,58107.7421875
2017-06-08,BEVERAGES,XGBoost,1,53526.0,49332.5
2017-06-09,BEVERAGES,XGBoost,1,69739.0,64016.0
2017-06-10,BEVERAGES,XGBoost,1,104864.0,94548.71875
2017-06-11,BEVERAGES,XGBoost,1,128477.0,108633.9375
2017-06-12,BEVERAGES,XGBoost,1,62741.0,64908.51953125
2017-06-13,BEVERAGES,XGBoost,1,58894.0,58358.34375
2017-06-14,BEVERAGES,XGBoost,1,59088.0,61432.0859375
2017-06-15,BEVERAGES,XGBoost,1,53668.0,50846.4296875
2017-06-16,BEVERAGES,XGBoost,1,74693.0,62423.609375
2017-06-17,BEVERAGES,XGBoost,1,109130.0,91692.578125
2017-06-18,BEVERAGES,XGBoost,1,95557.0,108052.8671875
2017-06-19,BEVERAGES,XGBoost,1,66204.0,61615.1953125
2017-06-20,BEVERAGES,XGBoost,1,67628.0,55401.7578125
2017-05-24,BREAD/BAKERY,Seasonal naive,1,9997.785,10961.733
2017-05-25,BREAD/BAKERY,Seasonal naive,1,8451.677,8359.659
2017-05-26,BREAD/BAKERY,Seasonal naive,1,13566.8,11093.669
2017-05-27,BREAD/BAKERY,Seasonal naive,1,12341.791,13941.446
2017-05-28,BREAD/BAKERY,Seasonal naive,1,14986.028,17060.024
2017-05-29,BREAD/BAKERY,Seasonal naive,1,10752.907,10494.663
2017-05-30,BREAD/BAKERY,Seasonal naive,1,9407.422,8892.275
2017-05-31,BREAD/BAKERY,Seasonal naive,1,11141.272,10961.733
2017-06-01,BREAD/BAKERY,Seasonal naive,1,9765.608,8359.659
2017-06-02,BREAD/BAKERY,Seasonal naive,1,11658.898,11093.669
2017-06-03,BREAD/BAKERY,Seasonal naive,1,14512.653,13941.446
2017-06-04,BREAD/BAKERY,Seasonal naive,1,18264.381,17060.024
2017-06-05,BREAD/BAKERY,Seasonal naive,1,11275.867,10494.663
2017-06-06,BREAD/BAKERY,Seasonal naive,1,9527.497,8892.275
2017-06-07,BREAD/BAKERY,Seasonal naive,1,10646.534,10961.733
2017-06-08,BREAD/BAKERY,Seasonal naive,1,8599.916,8359.659
2017-06-09,BREAD/BAKERY,Seasonal naive,1,10706.316,11093.669
2017-06-10,BREAD/BAKERY,Seasonal naive,1,13798.402,13941.446
2017-06-11,BREAD/BAKERY,Seasonal naive,1,16580.351,17060.024
2017-06-12,BREAD/BAKERY,Seasonal naive,1,10111.747,10494.663
2017-06-13,BREAD/BAKERY,Seasonal naive,1,8985.416000000001,8892.275
2017-06-14,BREAD/BAKERY,Seasonal naive,1,10403.277,10961.733
2017-06-15,BREAD/BAKERY,Seasonal naive,1,8941.589,8359.659
2017-06-16,BREAD/BAKERY,Seasonal naive,1,11448.772,11093.669
2017-06-17,BREAD/BAKERY,Seasonal naive,1,15184.003,13941.446
2017-06-18,BREAD/BAKERY,Seasonal naive,1,13173.167,17060.024
2017-06-19,BREAD/BAKERY,Seasonal naive,1,11290.775,10494.663
2017-06-20,BREAD/BAKERY,Seasonal naive,1,10922.923,8892.275
2017-05-24,BREAD/BAKERY,Prophet,1,9997.785,11192.539453047486
2017-05-25,BREAD/BAKERY,Prophet,1,8451.677,9696.18577762757
2017-05-26,BREAD/BAKERY,Prophet,1,13566.8,11704.870169749836
2017-05-27,BREAD/BAKERY,Prophet,1,12341.791,14199.180382297898
2017-05-28,BREAD/BAKERY,Prophet,1,14986.028,16189.135409479197
2017-05-29,BREAD/BAKERY,Prophet,1,10752.907,11919.434341208653
2017-05-30,BREAD/BAKERY,Prophet,1,9407.422,10602.18583361268
2017-05-31,BREAD/BAKERY,Prophet,1,11141.272,11504.44345934684
2017-06-01,BREAD/BAKERY,Prophet,1,9765.608,9689.332968832368
2017-06-02,BREAD/BAKERY,Prophet,1,11658.898,11274.256150180629
2017-06-03,BREAD/BAKERY,Prophet,1,14512.653,14135.247641270638
2017-06-04,BREAD/BAKERY,Prophet,1,18264.381,16051.786903667571
2017-06-05,BREAD/BAKERY,Prophet,1,11275.867,11764.119625669158
2017-06-06,BREAD/BAKERY,Prophet,1,9527.497,10518.052949544044
2017-06-07,BREAD/BAKERY,Prophet,1,10646.534,11423.815164599077
2017-06-08,BREAD/BAKERY,Prophet,1,8599.916,9870.356137881094
2017-06-09,BREAD/BAKERY,Prophet,1,10706.316,11399.622642698958
2017-06-10,BREAD/BAKERY,Prophet,1,13798.402,14256.644098473698
2017-06-11,BREAD/BAKERY,Prophet,1,16580.351,16127.45580030921
2017-06-12,BREAD/BAKERY,Prophet,1,10111.747,11799.186612187732
2017-06-13,BREAD/BAKERY,Prophet,1,8985.416000000001,10511.174057937982
2017-06-14,BREAD/BAKERY,Prophet,1,10403.277,11358.749809203708
2017-06-15,BREAD/BAKERY,Prophet,1,8941.589,9775.48627578546
2017-06-16,BREAD/BAKERY,Prophet,1,11448.772,11274.3340275956
2017-06-17,BREAD/BAKERY,Prophet,1,15184.003,14105.53634119562
2017-06-18,BREAD/BAKERY,Prophet,1,13173.167,15931.550808608345
2017-06-19,BREAD/BAKERY,Prophet,1,11290.775,11593.921398029635
2017-06-20,BREAD/BAKERY,Prophet,1,10922.923,10283.05491701356
2017-05-24,BREAD/BAKERY,XGBoost,1,9997.785,14466.7353515625
2017-05-25,BREAD/BAKERY,XGBoost,1,8451.677,9417.3779296875
2017-05-26,BREAD/BAKERY,XGBoost,1,13566.8,14934.4775390625
2017-05-27,BREAD/BAKERY,XGBoost,1,12341.791,16015.9345703125
2017-05-28,BREAD/BAKERY,XGBoost,1,14986.028,15552.6396484375
2017-05-29,BREAD/BAKERY,XGBoost,1,10752.907,12014.29296875
2017-05-30,BREAD/BAKERY,XGBoost,1,9407.422,9972.63671875
2017-05-31,BREAD/BAKERY,XGBoost,1,11141.272,15007.5302734375
2017-06-01,BREAD/BAKERY,XGBoost,1,9765.608,9093.7216796875
2017-06-02,BREAD/BAKERY,XGBoost,1,11658.898,16246.609375
2017-06-03,BREAD/BAKERY,XGBoost,1,14512.653,15892.625
2017-06-04,BREAD/BAKERY,XGBoost,1,18264.381,17578.625
2017-06-05,BREAD/BAKERY,XGBoost,1,11275.867,11708.8125
2017-06-06,BREAD/BAKERY,XGBoost,1,9527.497,9430.26953125
2017-06-07,BREAD/BAKERY,XGBoost,1,10646.534,16401.5546875
2017-06-08,BREAD/BAKERY,XGBoost,1,8599.916,9518.919921875
2017-06-09,BREAD/BAKERY,XGBoost,1,10706.316,16799.435546875
2017-06-10,BREAD/BAKERY,XGBoost,1,13798.402,17675.375
2017-06-11,BREAD/BAKERY,XGBoost,1,16580.351,16908.7890625
2017-06-12,BREAD/BAKERY,XGBoost,1,10111.747,11707.7705078125
2017-06-13,BREAD/BAKERY,XGBoost,1,8985.416000000001,9733.4970703125
2017-06-14,BREAD/BAKERY,XGBoost,1,10403.277,16592.478515625
2017-06-15,BREAD/BAKERY,XGBoost,1,8941.589,9588.1708984375
2017-06-16,BREAD/BAKERY,XGBoost,1,11448.772,17409.3046875
2017-06-17,BREAD/BAKERY,XGBoost,1,15184.003,17749.18359375
2017-06-18,BREAD/BAKERY,XGBoost,1,13173.167,18490.7734375
2017-06-19,BREAD/BAKERY,XGBoost,1,11290.775,12028.955078125
2017-06-20,BREAD/BAKERY,XGBoost,1,10922.923,9386.271484375
2017-05-24,CLEANING,Seasonal naive,1,18294.0,20613.0
2017-05-25,CLEANING,Seasonal naive,1,14337.0,15459.0
2017-05-26,CLEANING,Seasonal naive,1,26375.0,20234.0
2017-05-27,CLEANING,Seasonal naive,1,23792.0,28623.0
2017-05-28,CLEANING,Seasonal naive,1,27689.0,32653.0
2017-05-29,CLEANING,Seasonal naive,1,18153.0,20760.0
2017-05-30,CLEANING,Seasonal naive,1,16745.0,18680.0
2017-05-31,CLEANING,Seasonal naive,1,19015.0,20613.0
2017-06-01,CLEANING,Seasonal naive,1,19092.0,15459.0
2017-06-02,CLEANING,Seasonal naive,1,24122.0,20234.0
2017-06-03,CLEANING,Seasonal naive,1,31659.0,28623.0
2017-06-04,CLEANING,Seasonal naive,1,37979.0,32653.0
2017-06-05,CLEANING,Seasonal naive,1,22446.0,20760.0
2017-06-06,CLEANING,Seasonal naive,1,18964.0,18680.0
2017-06-07,CLEANING,Seasonal naive,1,19756.0,20613.0
2017-06-08,CLEANING,Seasonal naive,1,15152.0,15459.0
2017-06-09,CLEANING,Seasonal naive,1,19154.0,20234.0
2017-06-10,CLEANING,Seasonal naive,1,25441.0,28623.0
2017-06-11,CLEANING,Seasonal naive,1,30518.0,32653.0
2017-06-12,CLEANING,Seasonal naive,1,19087.0,20760.0
2017-06-13,CLEANING,Seasonal naive,1,16245.0,18680.0
2017-06-14,CLEANING,Seasonal naive,1,17796.0,20613.0
2017-06-15,CLEANING,Seasonal naive,1,16720.0,15459.0
2017-06-16,CLEANING,Seasonal naive,1,21089.0,20234.0
2017-06-17,CLEANING,Seasonal naive,1,25938.0,28623.0
2017-06-18,CLEANING,Seasonal naive,1,21339.0,32653.0
2017-06-19,CLEANING,Seasonal naive,1,19269.0,20760.0
2017-06-20,CLEANING,Seasonal naive,1,18499.0,18680.0
2017-05-24,CLEANING,Prophet,1,18294.0,20356.13080538809
2017-05-25,CLEANING,Prophet,1,14337.0,17335.775059531035
2017-05-26,CLEANING,Prophet,1,26375.0,21702.147157793064
2017-05-27,CLEANING,Prophet,1,23792.0,27566.6004607082
2017-05-28,CLEANING,Prophet,1,27689.0,30192.04279976208
2017-05-29,CLEANING,Prophet,1,18153.0,21545.753194468587
2017-05-30,CLEANING,Prophet,1,16745.0,19319.352666365598
2017-05-31,CLEANING,Prophet,1,19015.0,20587.157122306893
2017-06-01,CLEANING,Prophet,1,19092.0,16229.969941379655
2017-06-02,CLEANING,Prophet,1,24122.0,18848.446536150197
2017-06-03,CLEANING,Prophet,1,31659.0,26436.966321459106
2017-06-04,CLEANING,Prophet,1,37979.0,28974.943887805523
2017-06-05,CLEANING,Prophet,1,22446.0,20371.4797517624
2017-06-06,CLEANING,Prophet,1,18964.0,18182.573787624136
2017-06-07,CLEANING,Prophet,1,19756.0,19427.19939989416
2017-06-08,CLEANING,Prophet,1,15152.0,16837.528494142072
2017-06-09,CLEANING,Prophet,1,19154.0,19229.07454075917
2017-06-10,CLEANING,Prophet,1,25441.0,26761.93869781815
2017-06-11,CLEANING,Prophet,1,30518.0,29278.51259455381
2017-06-12,CLEANING,Prophet,1,19087.0,20411.75331770013
2017-06-13,CLEANING,Prophet,1,16245.0,18293.01407155037
2017-06-14,CLEANING,Prophet,1,17796.0,19675.32506388802
2017-06-15,CLEANING,Prophet,1,16720.0,16503.61450706482
2017-06-16,CLEANING,Prophet,1,21089.0,18968.026733195376
2017-06-17,CLEANING,Prophet,1,25938.0,26473.90608224074
2017-06-18,CLEANING,Prophet,1,21339.0,28948.557538554574
2017-06-19,CLEANING,Prophet,1,19269.0,20248.320574648824
2017-06-20,CLEANING,Prophet,1,18499.0,18092.78461798314
2017-05-24,CLEANING,XGBoost,1,18294.0,19836.19140625
2017-05-25,CLEANING,XGBoost,1,14337.0,16353.01171875
2017-05-26,CLEANING,XGBoost,1,26375.0,20972.5234375
2017-05-27,CLEANING,XGBoost,1,23792.0,28887.41796875
2017-05-28,CLEANING,XGBoost,1,27689.0,31157.390625
2017-05-29,CLEANING,XGBoost,1,18153.0,22406.203125
2017-05-30,CLEANING,XGBoost,1,16745.0,20404.5546875
2017-05-31,CLEANING,XGBoost,1,19015.0,21332.365234375
2017-06-01,CLEANING,XGBoost,1,19092.0,18569.259765625
2017-06-02,CLEANING,XGBoost,1,24122.0,21509.169921875
2017-06-03,CLEANING,XGBoost,1,31659.0,28856.12109375
2017-06-04,CLEANING,XGBoost,1,37979.0,32086.857421875
2017-06-05,CLEANING,XGBoost,1,22446.0,20571.28125
2017-06-06,CLEANING,XGBoost,1,18964.0,17454.212890625
2017-06-07,CLEANING,XGBoost,1,19756.0,19476.205078125
2017-06-08,CLEANING,XGBoost,1,15152.0,16581.26953125
2017-06-09,CLEANING,XGBoost,1,19154.0,20397.802734375
2017-06-10,CLEANING,XGBoost,1,25441.0,28531.03125
2017-06-11,CLEANING,XGBoost,1,30518.0,29942.09375
2017-06-12,CLEANING,XGBoost,1,19087.0,20684.34375
2017-06-13,CLEANING,XGBoost,1,16245.0,18924.970703125
2017-06-14,CLEANING,XGBoost,1,17796.0,19755.203125
2017-06-15,CLEANING,XGBoost,1,16720.0,16693.265625
2017-06-16,CLEANING,XGBoost,1,21089.0,20598.189453125
2017-06-17,CLEANING,XGBoost,1,25938.0,28607.966796875
2017-06-18,CLEANING,XGBoost,1,21339.0,32021.6171875
2017-06-19,CLEANING,XGBoost,1,19269.0,20338.458984375
2017-06-20,CLEANING,XGBoost,1,18499.0,18515.33203125
2017-05-24,DAIRY,Seasonal naive,1,17592.0,18900.0
2017-05-25,DAIRY,Seasonal naive,1,13943.0,14239.0
2017-05-26,DAIRY,Seasonal naive,1,24824.0,18963.0
2017-05-27,DAIRY,Seasonal naive,1,22908.0,26330.0
2017-05-28,DAIRY,Seasonal naive,1,27382.0,31837.0
2017-05-29,DAIRY,Seasonal naive,1,18231.0,18015.0
2017-05-30,DAIRY,Seasonal naive,1,15959.0,15179.0
2017-05-31,DAIRY,Seasonal naive,1,18595.0,18900.0
2017-06-01,DAIRY,Seasonal naive,1,17236.0,14239.0
2017-06-02,DAIRY,Seasonal naive,1,22496.0,18963.0
2017-06-03,DAIRY,Seasonal naive,1,28819.0,26330.0
2017-06-04,DAIRY,Seasonal naive,1,36580.0,31837.0
2017-06-05,DAIRY,Seasonal naive,1,20940.0,18015.0
2017-06-06,DAIRY,Seasonal naive,1,16922.0,15179.0
2017-06-07,DAIRY,Seasonal naive,1,18883.0,18900.0
2017-06-08,DAIRY,Seasonal naive,1,14736.0,14239.0
2017-06-09,DAIRY,Seasonal naive,1,19481.0,18963.0
2017-06-10,DAIRY,Seasonal naive,1,26440.0,26330.0
2017-06-11,DAIRY,Seasonal naive,1,32381.0,31837.0
2017-06-12,DAIRY,Seasonal naive,1,17700.0,18015.0
2017-06-13,DAIRY,Seasonal naive,1,15915.0,15179.0
2017-06-14,DAIRY,Seasonal naive,1,18052.0,18900.0
2017-06-15,DAIRY,Seasonal naive,1,15305.0,14239.0
2017-06-16,DAIRY,Seasonal naive,1,21718.0,18963.0
2017-06-17,DAIRY,Seasonal naive,1,29440.0,26330.0
2017-06-18,DAIRY,Seasonal naive,1,23591.0,31837.0
2017-06-19,DAIRY,Seasonal naive,1,18048.0,18015.0
2017-06-20,DAIRY,Seasonal naive,1,16763.0,15179.0
2017-05-24,DAIRY,Prophet,1,17592.0,19548.570197355344
2017-05-25,DAIRY,Prophet,1,13943.0,16572.607874384827
2017-05-26,DAIRY,Prophet,1,24824.0,20778.496109844786
2017-05-27,DAIRY,Prophet,1,22908.0,25567.01924097567
2017-05-28,DAIRY,Prophet,1,27382.0,27750.534338554466
2017-05-29,DAIRY,Prophet,1,18231.0,19914.7468201065
2017-05-30,DAIRY,Prophet,1,15959.0,17944.09902426757
2017-05-31,DAIRY,Prophet,1,18595.0,19429.471141671027
2017-06-01,DAIRY,Prophet,1,17236.0,15636.612549226556
2017-06-02,DAIRY,Prophet,1,22496.0,19234.82131917568
2017-06-03,DAIRY,Prophet,1,28819.0,25193.29813459752
2017-06-04,DAIRY,Prophet,1,36580.0,27460.673997276783
2017-06-05,DAIRY,Prophet,1,20940.0,19562.68559897629
2017-06-06,DAIRY,Prophet,1,16922.0,17684.75190043476
2017-06-07,DAIRY,Prophet,1,18883.0,19245.95918626792
2017-06-08,DAIRY,Prophet,1,14736.0,16805.33990352138
2017-06-09,DAIRY,Prophet,1,19481.0,20006.526209234657
2017-06-10,DAIRY,Prophet,1,26440.0,26037.682211843374
2017-06-11,DAIRY,Prophet,1,32381.0,28278.530976852373
2017-06-12,DAIRY,Prophet,1,17700.0,20381.16584202975
2017-06-13,DAIRY,Prophet,1,15915.0,18470.04996595792
2017-06-14,DAIRY,Prophet,1,18052.0,19850.82898072604
2017-06-15,DAIRY,Prophet,1,15305.0,16322.55524103036
2017-06-16,DAIRY,Prophet,1,21718.0,19418.45462171816
2017-06-17,DAIRY,Prophet,1,29440.0,25280.70103833898
2017-06-18,DAIRY,Prophet,1,23591.0,27493.080996116645
2017-06-19,DAIRY,Prophet,1,18048.0,19641.968748383515
2017-06-20,DAIRY,Prophet,1,16763.0,17803.573809249676
2017-05-24,DAIRY,XGBoost,1,17592.0,17727.087890625
2017-05-25,DAIRY,XGBoost,1,13943.0,14904.845703125
2017-05-26,DAIRY,XGBoost,1,24824.0,20086.1953125
2017-05-27,DAIRY,XGBoost,1,22908.0,28379.44140625
2017-05-28,DAIRY,XGBoost,1,27382.0,29840.130859375
2017-05-29,DAIRY,XGBoost,1,18231.0,20140.98046875
2017-05-30,DAIRY,XGBoost,1,15959.0,18354.958984375
2017-05-31,DAIRY,XGBoost,1,18595.0,19442.759765625
2017-06-01,DAIRY,XGBoost,1,17236.0,17095.65234375
2017-06-02,DAIRY,XGBoost,1,22496.0,20307.7578125
2017-06-03,DAIRY,XGBoost,1,28819.0,28453.5234375
2017-06-04,DAIRY,XGBoost,1,36580.0,32009.91796875
2017-06-05,DAIRY,XGBoost,1,20940.0,18885.37109375
2017-06-06,DAIRY,XGBoost,1,16922.0,15586.7685546875
2017-06-07,DAIRY,XGBoost,1,18883.0,17759.01171875
2017-06-08,DAIRY,XGBoost,1,14736.0,15396.6875
2017-06-09,DAIRY,XGBoost,1,19481.0,20086.248046875
2017-06-10,DAIRY,XGBoost,1,26440.0,30002.6171875
2017-06-11,DAIRY,XGBoost,1,32381.0,30260.138671875
2017-06-12,DAIRY,XGBoost,1,17700.0,18718.232421875
2017-06-13,DAIRY,XGBoost,1,15915.0,17245.96484375
2017-06-14,DAIRY,XGBoost,1,18052.0,18424.900390625
2017-06-15,DAIRY,XGBoost,1,15305.0,15578.7724609375
2017-06-16,DAIRY,XGBoost,1,21718.0,19785.134765625
2017-06-17,DAIRY,XGBoost,1,29440.0,27957.3671875
2017-06-18,DAIRY,XGBoost,1,23591.0,31891.21875
2017-06-19,DAIRY,XGBoost,1,18048.0,18818.494140625
2017-06-20,DAIRY,XGBoost,1,16763.0,15842.630859375
2017-05-24,GROCERY I,Seasonal naive,1,69753.0,80346.0
2017-05-25,GROCERY I,Seasonal naive,1,59373.0,59672.0
2017-05-26,GROCERY I,Seasonal naive,1,109303.0,77954.0
2017-05-27,GROCERY I,Seasonal naive,1,97093.0,111489.0
2017-05-28,GROCERY I,Seasonal naive,1,113372.0,133120.0
2017-05-29,GROCERY I,Seasonal naive,1,73475.0,75111.0
2017-05-30,GROCERY I,Seasonal naive,1,71189.0,66478.0
2017-05-31,GROCERY I,Seasonal naive,1,77712.0,80346.0
2017-06-01,GROCERY I,Seasonal naive,1,80669.0,59672.0
2017-06-02,GROCERY I,Seasonal naive,1,99176.0,77954.0
2017-06-03,GROCERY I,Seasonal naive,1,135569.0,111489.0
2017-06-04,GROCERY I,Seasonal naive,1,162781.0,133120.0
2017-06-05,GROCERY I,Seasonal naive,1,92140.0,75111.0
2017-06-06,GROCERY I,Seasonal naive,1,77330.0,66478.0
2017-06-07,GROCERY I,Seasonal naive,1,82044.0,80346.0
2017-06-08,GROCERY I,Seasonal naive,1,68362.0,59672.0
2017-06-09,GROCERY I,Seasonal naive,1,82157.0,77954.0
2017-06-10,GROCERY I,Seasonal naive,1,109410.0,111489.0
2017-06-11,GROCERY I,Seasonal naive,1,133354.0,133120.0
2017-06-12,GROCERY I,Seasonal naive,1,75376.0,75111.0
2017-06-13,GROCERY I,Seasonal naive,1,70745.0,66478.0
2017-06-14,GROCERY I,Seasonal naive,1,73540.0,80346.0
2017-06-15,GROCERY I,Seasonal naive,1,66243.0,59672.0
2017-06-16,GROCERY I,Seasonal naive,1,90488.0,77954.0
2017-06-17,GROCERY I,Seasonal naive,1,118831.0,111489.0
2017-06-18,GROCERY I,Seasonal naive,1,98875.0,133120.0
2017-06-19,GROCERY I,Seasonal naive,1,77991.0,75111.0
2017-06-20,GROCERY I,Seasonal naive,1,76544.0,66478.0
2017-05-24,GROCERY I,Prophet,1,69753.0,77767.71586379252
2017-05-25,GROCERY I,Prophet,1,59373.0,67127.25934881077
2017-05-26,GROCERY I,Prophet,1,109303.0,86078.06114208054
2017-05-27,GROCERY I,Prophet,1,97093.0,106264.45862694117
2017-05-28,GROCERY I,Prophet,1,113372.0,116705.03254666098
2017-05-29,GROCERY I,Prophet,1,73475.0,82867.78169737951
2017-05-30,GROCERY I,Prophet,1,71189.0,74917.08311021418
2017-05-31,GROCERY I,Prophet,1,77712.0,78607.0409079912
2017-06-01,GROCERY I,Prophet,1,80669.0,65420.75934101518
2017-06-02,GROCERY I,Prophet,1,99176.0,78085.4195100778
2017-06-03,GROCERY I,Prophet,1,135569.0,106679.37684697958
2017-06-04,GROCERY I,Prophet,1,162781.0,117188.38871626368
2017-06-05,GROCERY I,Prophet,1,92140.0,83259.79541172735
2017-06-06,GROCERY I,Prophet,1,77330.0,75203.16796024134
2017-06-07,GROCERY I,Prophet,1,82044.0,80256.3624946811
2017-06-08,GROCERY I,Prophet,1,68362.0,69010.73242921631
2017-06-09,GROCERY I,Prophet,1,82157.0,78995.60209939044
2017-06-10,GROCERY I,Prophet,1,109410.0,107539.37280594472
2017-06-11,GROCERY I,Prophet,1,133354.0,118125.7880709838
2017-06-12,GROCERY I,Prophet,1,75376.0,83714.02073752187
2017-06-13,GROCERY I,Prophet,1,70745.0,75284.48827464791
2017-06-14,GROCERY I,Prophet,1,73540.0,80270.5165478539
2017-06-15,GROCERY I,Prophet,1,66243.0,67515.0419781229
2017-06-16,GROCERY I,Prophet,1,90488.0,78024.79861697696
2017-06-17,GROCERY I,Prophet,1,118831.0,106473.3785529657
2017-06-18,GROCERY I,Prophet,1,98875.0,116470.6663536358
2017-06-19,GROCERY I,Prophet,1,77991.0,81761.5487092567
2017-06-20,GROCERY I,Prophet,1,76544.0,73338.78079533158
2017-05-24,GROCERY I,XGBoost,1,69753.0,70280.9453125
2017-05-25,GROCERY I,XGBoost,1,59373.0,58687.140625
2017-05-26,GROCERY I,XGBoost,1,109303.0,76543.21875
2017-05-27,GROCERY I,XGBoost,1,97093.0,107964.7578125
2017-05-28,GROCERY I,XGBoost,1,113372.0,111245.1640625
2017-05-29,GROCERY I,XGBoost,1,73475.0,68431.6640625
2017-05-30,GROCERY I,XGBoost,1,71189.0,63482.625
2017-05-31,GROCERY I,XGBoost,1,77712.0,70136.90625
2017-06-01,GROCERY I,XGBoost,1,80669.0,60319.765625
2017-06-02,GROCERY I,XGBoost,1,99176.0,71954.0703125
2017-06-03,GROCERY I,XGBoost,1,135569.0,99550.1328125
2017-06-04,GROCERY I,XGBoost,1,162781.0,114875.5703125
2017-06-05,GROCERY I,XGBoost,1,92140.0,68537.921875
2017-06-06,GROCERY I,XGBoost,1,77330.0,63201.4765625
2017-06-07,GROCERY I,XGBoost,1,82044.0,67873.6875
2017-06-08,GROCERY I,XGBoost,1,68362.0,57079.7109375
2017-06-09,GROCERY I,XGBoost,1,82157.0,70437.2421875
2017-06-10,GROCERY I,XGBoost,1,109410.0,98385.5390625
2017-06-11,GROCERY I,XGBoost,1,133354.0,107030.6171875
2017-06-12,GROCERY I,XGBoost,1,75376.0,64733.640625
2017-06-13,GROCERY I,XGBoost,1,70745.0,61204.5
2017-06-14,GROCERY I,XGBoost,1,73540.0,70803.953125
2017-06-15,GROCERY I,XGBoost,1,66243.0,55022.27734375
2017-06-16,GROCERY I,XGBoost,1,90488.0,70974.8671875
2017-06-17,GROCERY I,XGBoost,1,118831.0,98826.4296875
2017-06-18,GROCERY I,XGBoost,1,98875.0,112456.015625
2017-06-19,GROCERY I,XGBoost,1,77991.0,64492.40234375
2017-06-20,GROCERY I,XGBoost,1,76544.0,60612.02734375
2017-05-24,MEATS,Seasonal naive,1,6514.685,7131.003
2017-05-25,MEATS,Seasonal naive,1,6415.04,5526.657999999999
2017-05-26,MEATS,Seasonal naive,1,16013.338,13808.052
2017-05-27,MEATS,Seasonal naive,1,8567.033,9923.653
2017-05-28,MEATS,Seasonal naive,1,9352.076,10506.827
2017-05-29,MEATS,Seasonal naive,1,6973.062,6579.286
2017-05-30,MEATS,Seasonal naive,1,5939.249,6228.598
2017-05-31,MEATS,Seasonal naive,1,6618.1,7131.003
2017-06-01,MEATS,Seasonal naive,1,7158.911,5526.657999999999
2017-06-02,MEATS,Seasonal naive,1,16751.504,13808.052
2017-06-03,MEATS,Seasonal naive,1,10829.054,9923.653
2017-06-04,MEATS,Seasonal naive,1,12676.137,10506.827
2017-06-05,MEATS,Seasonal naive,1,8095.985000000001,6579.286
2017-06-06,MEATS,Seasonal naive,1,6508.48,6228.598
2017-06-07,MEATS,Seasonal naive,1,7119.4490000000005,7131.003
2017-06-08,MEATS,Seasonal naive,1,5826.284,5526.657999999999
2017-06-09,MEATS,Seasonal naive,1,15456.791,13808.052
2017-06-10,MEATS,Seasonal naive,1,9188.301,9923.653
2017-06-11,MEATS,Seasonal naive,1,10657.488,10506.827
2017-06-12,MEATS,Seasonal naive,1,6362.772,6579.286
2017-06-13,MEATS,Seasonal naive,1,6046.881,6228.598
2017-06-14,MEATS,Seasonal naive,1,6236.265,7131.003
2017-06-15,MEATS,Seasonal naive,1,6331.745,5526.657999999999
2017-06-16,MEATS,Seasonal naive,1,17145.34,13808.052
2017-06-17,MEATS,Seasonal naive,1,11715.226,9923.653
2017-06-18,MEATS,Seasonal naive,1,8329.782,10506.827
2017-06-19,MEATS,Seasonal naive,1,6841.042,6579.286
2017-06-20,MEATS,Seasonal naive,1,7126.69,6228.598
2017-05-24,MEATS,Prophet,1,6514.685,7200.007841745609
2017-05-25,MEATS,Prophet,1,6415.04,6358.51708418917
2017-05-26,MEATS,Prophet,1,16013.338,13696.334884561997
2017-05-27,MEATS,Prophet,1,8567.033,10014.614868536595
2017-05-28,MEATS,Prophet,1,9352.076,10272.594968370737
2017-05-29,MEATS,Prophet,1,6973.062,7553.544020991204
2017-05-30,MEATS,Prophet,1,5939.249,6978.388860035499
2017-05-31,MEATS,Prophet,1,6618.1,7404.39592079114
2017-06-01,MEATS,Prophet,1,7158.911,6668.387640226163
2017-06-02,MEATS,Prophet,1,16751.504,13464.856881595038
2017-06-03,MEATS,Prophet,1,10829.054,13225.409155264177
2017-06-04,MEATS,Prophet,1,12676.137,13468.967151010336
2017-06-05,MEATS,Prophet,1,8095.985000000001,10645.322605252615
2017-06-06,MEATS,Prophet,1,6508.48,9991.260277917918
2017-06-07,MEATS,Prophet,1,7119.4490000000005,10456.502765717763
2017-06-08,MEATS,Prophet,1,5826.284,9619.607984107202
2017-06-09,MEATS,Prophet,1,15456.791,13768.61309315454
2017-06-10,MEATS,Prophet,1,9188.301,13388.627969716576
2017-06-11,MEATS,Prophet,1,10657.488,13615.657733357886
2017-06-12,MEATS,Prophet,1,6362.772,10776.31006098829
2017-06-13,MEATS,Prophet,1,6046.881,10175.286408074751
2017-06-14,MEATS,Prophet,1,6236.265,10457.608977590056
2017-06-15,MEATS,Prophet,1,6331.745,9578.864762764244
2017-06-16,MEATS,Prophet,1,17145.34,13727.239531741743
2017-06-17,MEATS,Prophet,1,11715.226,13303.28354619376
2017-06-18,MEATS,Prophet,1,8329.782,13393.647656619953
2017-06-19,MEATS,Prophet,1,6841.042,10454.800119197338
2017-06-20,MEATS,Prophet,1,7126.69,9838.7398373727
2017-05-24,MEATS,XGBoost,1,6514.685,12282.494140625
2017-05-25,MEATS,XGBoost,1,6415.04,8449.7529296875
2017-05-26,MEATS,XGBoost,1,16013.338,20450.58203125
2017-05-27,MEATS,XGBoost,1,8567.033,15538.0166015625
2017-05-28,MEATS,XGBoost,1,9352.076,10836.5654296875
2017-05-29,MEATS,XGBoost,1,6973.062,7828.7880859375
2017-05-30,MEATS,XGBoost,1,5939.249,10968.9580078125
2017-05-31,MEATS,XGBoost,1,6618.1,11077.96484375
2017-06-01,MEATS,XGBoost,1,7158.911,8884.333984375
2017-06-02,MEATS,XGBoost,1,16751.504,20165.740234375
2017-06-03,MEATS,XGBoost,1,10829.054,18100.56640625
2017-06-04,MEATS,XGBoost,1,12676.137,14220.9306640625
2017-06-05,MEATS,XGBoost,1,8095.985000000001,8824.5234375
2017-06-06,MEATS,XGBoost,1,6508.48,11606.9765625
2017-06-07,MEATS,XGBoost,1,7119.4490000000005,13066.64453125
2017-06-08,MEATS,XGBoost,1,5826.284,10764.7861328125
2017-06-09,MEATS,XGBoost,1,15456.791,19523.451171875
2017-06-10,MEATS,XGBoost,1,9188.301,19856.84765625
2017-06-11,MEATS,XGBoost,1,10657.488,16362.537109375
2017-06-12,MEATS,XGBoost,1,6362.772,8868.794921875
2017-06-13,MEATS,XGBoost,1,6046.881,13071.2861328125
2017-06-14,MEATS,XGBoost,1,6236.265,13341.3828125
2017-06-15,MEATS,XGBoost,1,6331.745,11442.9033203125
2017-06-16,MEATS,XGBoost,1,17145.34,19449.556640625
2017-06-17,MEATS,XGBoost,1,11715.226,21014.06640625
2017-06-18,MEATS,XGBoost,1,8329.782,18957.744140625
2017-06-19,MEATS,XGBoost,1,6841.042,10513.9111328125
2017-06-20,MEATS,XGBoost,1,7126.69,11181.314453125
2017-05-24,POULTRY,Seasonal naive,1,7867.531,8755.403999999999
2017-05-25,POULTRY,Seasonal naive,1,6781.74,6464.772
2017-05-26,POULTRY,Seasonal naive,1,15663.784,13031.643
2017-05-27,POULTRY,Seasonal naive,1,10690.295,11862.227
2017-05-28,POULTRY,Seasonal naive,1,12662.443,14046.946
2017-05-29,POULTRY,Seasonal naive,1,8432.141,9164.213
2017-05-30,POULTRY,Seasonal naive,1,7337.255999999999,7544.753
2017-05-31,POULTRY,Seasonal naive,1,8356.701000000001,8755.403999999999
2017-06-01,POULTRY,Seasonal naive,1,8613.625,6464.772
2017-06-02,POULTRY,Seasonal naive,1,21303.266,13031.643
2017-06-03,POULTRY,Seasonal naive,1,14012.785,11862.227
2017-06-04,POULTRY,Seasonal naive,1,17764.278,14046.946
2017-06-05,POULTRY,Seasonal naive,1,11069.199,9164.213
2017-06-06,POULTRY,Seasonal naive,1,8134.577,7544.753
2017-06-07,POULTRY,Seasonal naive,1,8578.103000000001,8755.403999999999
2017-06-08,POULTRY,Seasonal naive,1,6843.906,6464.772
2017-06-09,POULTRY,Seasonal naive,1,18499.889,13031.643
2017-06-10,POULTRY,Seasonal naive,1,11514.403,11862.227
2017-06-11,POULTRY,Seasonal naive,1,13961.184,14046.946
2017-06-12,POULTRY,Seasonal naive,1,8517.807,9164.213
2017-06-13,POULTRY,Seasonal naive,1,6921.676,7544.753
2017-06-14,POULTRY,Seasonal naive,1,7714.172,8755.403999999999
2017-06-15,POULTRY,Seasonal naive,1,6934.488,6464.772
2017-06-16,POULTRY,Seasonal naive,1,17236.598,13031.643
2017-06-17,POULTRY,Seasonal naive,1,13452.57,11862.227
2017-06-18,POULTRY,Seasonal naive,1,10496.883,14046.946
2017-06-19,POULTRY,Seasonal naive,1,8822.952,9164.213
2017-06-20,POULTRY,Seasonal naive,1,8310.068,7544.753
2017-05-24,POULTRY,Prophet,1,7867.531,8161.451482203738
2017-05-25,POULTRY,Prophet,1,6781.74,6714.109114302289
2017-05-26,POULTRY,Prophet,1,15663.784,14019.23237714898
2017-05-27,POULTRY,Prophet,1,10690.295,11740.0527472936
2017-05-28,POULTRY,Prophet,1,12662.443,13042.668436767228
2017-05-29,POULTRY,Prophet,1,8432.141,8737.422662305093
2017-05-30,POULTRY,Prophet,1,7337.255999999999,8015.375814961373
2017-05-31,POULTRY,Prophet,1,8356.701000000001,8098.34559937698
2017-06-01,POULTRY,Prophet,1,8613.625,6752.037224876087
2017-06-02,POULTRY,Prophet,1,21303.266,13417.46705483218
2017-06-03,POULTRY,Prophet,1,14012.785,11763.15188419489
2017-06-04,POULTRY,Prophet,1,17764.278,13037.756686015377
2017-06-05,POULTRY,Prophet,1,11069.199,8706.879356703306
2017-06-06,POULTRY,Prophet,1,8134.577,8033.5342442446945
2017-06-07,POULTRY,Prophet,1,8578.103000000001,8063.802964238152
2017-06-08,POULTRY,Prophet,1,6843.906,6640.513054964136
2017-06-09,POULTRY,Prophet,1,18499.889,13322.304144374164
2017-06-10,POULTRY,Prophet,1,11514.403,11658.344447517817
2017-06-11,POULTRY,Prophet,1,13961.184,12960.73611530379
2017-06-12,POULTRY,Prophet,1,8517.807,8648.249057957073
2017-06-13,POULTRY,Prophet,1,6921.676,7916.160485797419
2017-06-14,POULTRY,Prophet,1,7714.172,8034.601980719772
2017-06-15,POULTRY,Prophet,1,6934.488,6556.933583525088
2017-06-16,POULTRY,Prophet,1,17236.598,13191.12928249416
2017-06-17,POULTRY,Prophet,1,13452.57,11536.170436261797
2017-06-18,POULTRY,Prophet,1,10496.883,12829.648809109996
2017-06-19,POULTRY,Prophet,1,8822.952,8514.475931931123
2017-06-20,POULTRY,Prophet,1,8310.068,7725.004947087122
2017-05-24,POULTRY,XGBoost,1,7867.531,13801.7861328125
2017-05-25,POULTRY,XGBoost,1,6781.74,8669.337890625
2017-05-26,POULTRY,XGBoost,1,15663.784,20734.21875
2017-05-27,POULTRY,XGBoost,1,10690.295,17789.810546875
2017-05-28,POULTRY,XGBoost,1,12662.443,14566.703125
2017-05-29,POULTRY,XGBoost,1,8432.141,10269.2509765625
2017-05-30,POULTRY,XGBoost,1,7337.255999999999,9604.189453125
2017-05-31,POULTRY,XGBoost,1,8356.701000000001,13160.068359375
2017-06-01,POULTRY,XGBoost,1,8613.625,9980.166015625
2017-06-02,POULTRY,XGBoost,1,21303.266,19291.0703125
2017-06-03,POULTRY,XGBoost,1,14012.785,17937.2265625
2017-06-04,POULTRY,XGBoost,1,17764.278,16447.16796875
2017-06-05,POULTRY,XGBoost,1,11069.199,9550.4072265625
2017-06-06,POULTRY,XGBoost,1,8134.577,8975.0810546875
2017-06-07,POULTRY,XGBoost,1,8578.103000000001,15607.5126953125
2017-06-08,POULTRY,XGBoost,1,6843.906,8703.97265625
2017-06-09,POULTRY,XGBoost,1,18499.889,22275.36328125
2017-06-10,POULTRY,XGBoost,1,11514.403,21181.310546875
2017-06-11,POULTRY,XGBoost,1,13961.184,18280.55859375
2017-06-12,POULTRY,XGBoost,1,8517.807,10359.171875
2017-06-13,POULTRY,XGBoost,1,6921.676,8977.904296875
2017-06-14,POULTRY,XGBoost,1,7714.172,16936.68359375
2017-06-15,POULTRY,XGBoost,1,6934.488,9411.0009765625
2017-06-16,POULTRY,XGBoost,1,17236.598,21119.390625
2017-06-17,POULTRY,XGBoost,1,13452.57,22443.615234375
2017-06-18,POULTRY,XGBoost,1,10496.883,19845.712890625
2017-06-19,POULTRY,XGBoost,1,8822.952,11185.72265625
2017-06-20,POULTRY,XGBoost,1,8310.068,8491.529296875
2017-05-24,PRODUCE,Seasonal naive,1,69603.545,80088.581
2017-05-25,PRODUCE,Seasonal naive,1,39008.336,39382.491
2017-05-26,PRODUCE,Seasonal naive,1,62955.506,50598.059
2017-05-27,PRODUCE,Seasonal naive,1,57724.928,66765.035
2017-05-28,PRODUCE,Seasonal naive,1,70237.35800000001,82424.039
2017-05-29,PRODUCE,Seasonal naive,1,52125.616,50801.091
2017-05-30,PRODUCE,Seasonal naive,1,44742.355,41301.199
2017-05-31,PRODUCE,Seasonal naive,1,74786.39199999999,80088.581
2017-06-01,PRODUCE,Seasonal naive,1,47550.868,39382.491
2017-06-02,PRODUCE,Seasonal naive,1,57301.229,50598.059
2017-06-03,PRODUCE,Seasonal naive,1,69905.503,66765.035
2017-06-04,PRODUCE,Seasonal naive,1,88304.293,82424.039
2017-06-05,PRODUCE,Seasonal naive,1,54506.91,50801.091
2017-06-06,PRODUCE,Seasonal naive,1,44414.157,41301.199
2017-06-07,PRODUCE,Seasonal naive,1,79266.704,80088.581
2017-06-08,PRODUCE,Seasonal naive,1,39686.244,39382.491
2017-06-09,PRODUCE,Seasonal naive,1,51761.145,50598.059
2017-06-10,PRODUCE,Seasonal naive,1,63412.876,66765.035
2017-06-11,PRODUCE,Seasonal naive,1,82074.739,82424.039
2017-06-12,PRODUCE,Seasonal naive,1,50927.31,50801.091
2017-06-13,PRODUCE,Seasonal naive,1,44538.584,41301.199
2017-06-14,PRODUCE,Seasonal naive,1,76366.224,80088.581
2017-06-15,PRODUCE,Seasonal naive,1,42772.118,39382.491
2017-06-16,PRODUCE,Seasonal naive,1,59815.86,50598.059
2017-06-17,PRODUCE,Seasonal naive,1,80398.462,66765.035
2017-06-18,PRODUCE,Seasonal naive,1,62705.239,82424.039
2017-06-19,PRODUCE,Seasonal naive,1,52683.617,50801.091
2017-06-20,PRODUCE,Seasonal naive,1,48754.694,41301.199
2017-05-24,PRODUCE,Prophet,1,69603.545,71886.81909924677
2017-05-25,PRODUCE,Prophet,1,39008.336,37499.377263805785
2017-05-26,PRODUCE,Prophet,1,62955.506,46089.3075737949
2017-05-27,PRODUCE,Prophet,1,57724.928,52859.12168173916
2017-05-28,PRODUCE,Prophet,1,70237.35800000001,57351.66928748169
2017-05-29,PRODUCE,Prophet,1,52125.616,46604.04222080023
2017-05-30,PRODUCE,Prophet,1,44742.355,43028.47850492243
2017-05-31,PRODUCE,Prophet,1,74786.39199999999,75145.37953931275
2017-06-01,PRODUCE,Prophet,1,47550.868,39512.0335548383
2017-06-02,PRODUCE,Prophet,1,57301.229,44039.00917126704
2017-06-03,PRODUCE,Prophet,1,69905.503,54484.90387024755
2017-06-04,PRODUCE,Prophet,1,88304.293,58993.03667848769
2017-06-05,PRODUCE,Prophet,1,54506.91,48120.4493894826
2017-06-06,PRODUCE,Prophet,1,44414.157,44641.057342084285
2017-06-07,PRODUCE,Prophet,1,79266.704,77185.47278758898
2017-06-08,PRODUCE,Prophet,1,39686.244,41833.6913561757
2017-06-09,PRODUCE,Prophet,1,51761.145,46527.98666315217
2017-06-10,PRODUCE,Prophet,1,63412.876,56770.75316509551
2017-06-11,PRODUCE,Prophet,1,82074.739,61062.03206682661
2017-06-12,PRODUCE,Prophet,1,50927.31,50112.82824188004
2017-06-13,PRODUCE,Prophet,1,44538.584,46274.287920279065
2017-06-14,PRODUCE,Prophet,1,76366.224,79461.72393805222
2017-06-15,PRODUCE,Prophet,1,42772.118,43157.44959139198
2017-06-16,PRODUCE,Prophet,1,59815.86,47820.71300990722
2017-06-17,PRODUCE,Prophet,1,80398.462,57949.634679325405
2017-06-18,PRODUCE,Prophet,1,62705.239,62100.09852669383
2017-06-19,PRODUCE,Prophet,1,52683.617,50826.86854857947
2017-06-20,PRODUCE,Prophet,1,48754.694,46564.74060136164
2017-05-24,PRODUCE,XGBoost,1,69603.545,71581.5390625
2017-05-25,PRODUCE,XGBoost,1,39008.336,44986.88671875
2017-05-26,PRODUCE,XGBoost,1,62955.506,53372.08984375
2017-05-27,PRODUCE,XGBoost,1,57724.928,71474.4296875
2017-05-28,PRODUCE,XGBoost,1,70237.35800000001,77141.9453125
2017-05-29,PRODUCE,XGBoost,1,52125.616,55498.28125
2017-05-30,PRODUCE,XGBoost,1,44742.355,46915.5
2017-05-31,PRODUCE,XGBoost,1,74786.39199999999,72075.359375
2017-06-01,PRODUCE,XGBoost,1,47550.868,46572.36328125
2017-06-02,PRODUCE,XGBoost,1,57301.229,48741.14453125
2017-06-03,PRODUCE,XGBoost,1,69905.503,65265.6328125
2017-06-04,PRODUCE,XGBoost,1,88304.293,70690.1171875
2017-06-05,PRODUCE,XGBoost,1,54506.91,46123.015625
2017-06-06,PRODUCE,XGBoost,1,44414.157,40741.70703125
2017-06-07,PRODUCE,XGBoost,1,79266.704,65596.03125
2017-06-08,PRODUCE,XGBoost,1,39686.244,42709.640625
2017-06-09,PRODUCE,XGBoost,1,51761.145,51783.453125
2017-06-10,PRODUCE,XGBoost,1,63412.876,65971.453125
2017-06-11,PRODUCE,XGBoost,1,82074.739,71913.671875
2017-06-12,PRODUCE,XGBoost,1,50927.31,50150.93359375
2017-06-13,PRODUCE,XGBoost,1,44538.584,41298.1484375
2017-06-14,PRODUCE,XGBoost,1,76366.224,69048.890625
2017-06-15,PRODUCE,XGBoost,1,42772.118,44441.23046875
2017-06-16,PRODUCE,XGBoost,1,59815.86,50493.84765625
2017-06-17,PRODUCE,XGBoost,1,80398.462,67033.0703125
2017-06-18,PRODUCE,XGBoost,1,62705.239,76964.09375
2017-06-19,PRODUCE,XGBoost,1,52683.617,47733.5078125
2017-06-20,PRODUCE,XGBoost,1,48754.694,41454.0703125
2017-06-21,BEVERAGES,Seasonal naive,2,57539.0,59088.0
2017-06-22,BEVERAGES,Seasonal naive,2,45084.0,53668.0
2017-06-23,BEVERAGES,Seasonal naive,2,62666.0,74693.0
2017-06-24,BEVERAGES,Seasonal naive,2,91036.0,109130.0
2017-06-25,BEVERAGES,Seasonal naive,2,104241.0,95557.0
2017-06-26,BEVERAGES,Seasonal naive,2,57471.0,66204.0
2017-06-27,BEVERAGES,Seasonal naive,2,47792.0,67628.0
2017-06-28,BEVERAGES,Seasonal naive,2,52239.0,59088.0
2017-06-29,BEVERAGES,Seasonal naive,2,47902.0,53668.0
2017-06-30,BEVERAGES,Seasonal naive,2,67617.0,74693.0
2017-07-01,BEVERAGES,Seasonal naive,2,109697.0,109130.0
2017-07-02,BEVERAGES,Seasonal naive,2,126930.0,95557.0
2017-07-03,BEVERAGES,Seasonal naive,2,75863.0,66204.0
2017-07-04,BEVERAGES,Seasonal naive,2,62707.0,67628.0
2017-07-05,BEVERAGES,Seasonal naive,2,65799.0,59088.0
2017-07-06,BEVERAGES,Seasonal naive,2,54241.0,53668.0
2017-07-07,BEVERAGES,Seasonal naive,2,65958.0,74693.0
2017-07-08,BEVERAGES,Seasonal naive,2,95841.0,109130.0
2017-07-09,BEVERAGES,Seasonal naive,2,106234.0,95557.0
2017-07-10,BEVERAGES,Seasonal naive,2,62622.0,66204.0
2017-07-11,BEVERAGES,Seasonal naive,2,54114.0,67628.0
2017-07-12,BEVERAGES,Seasonal naive,2,56435.0,59088.0
2017-07-13,BEVERAGES,Seasonal naive,2,54210.0,53668.0
2017-07-14,BEVERAGES,Seasonal naive,2,64752.0,74693.0
2017-07-15,BEVERAGES,Seasonal naive,2,97804.0,109130.0
2017-07-16,BEVERAGES,Seasonal naive,2,116261.0,95557.0
2017-07-17,BEVERAGES,Seasonal naive,2,69106.0,66204.0
2017-07-18,BEVERAGES,Seasonal naive,2,58557.0,67628.0
2017-06-21,BEVERAGES,Prophet,2,57539.0,66129.84803128854
2017-06-22,BEVERAGES,Prophet,2,45084.0,57511.34158229103
2017-06-23,BEVERAGES,Prophet,2,62666.0,72439.72610212733
2017-06-24,BEVERAGES,Prophet,2,91036.0,90431.27910277373
2017-06-25,BEVERAGES,Prophet,2,104241.0,105040.75830049624
2017-06-26,BEVERAGES,Prophet,2,57471.0,69024.0659853701
2017-06-27,BEVERAGES,Prophet,2,47792.0,63610.7024308726
2017-06-28,BEVERAGES,Prophet,2,52239.0,66813.3200121882
2017-06-29,BEVERAGES,Prophet,2,47902.0,60187.900754195485
2017-06-30,BEVERAGES,Prophet,2,67617.0,69512.14719846615
2017-07-01,BEVERAGES,Prophet,2,109697.0,93543.59143146832
2017-07-02,BEVERAGES,Prophet,2,126930.0,102939.8867478833
2017-07-03,BEVERAGES,Prophet,2,75863.0,78444.95799273583
2017-07-04,BEVERAGES,Prophet,2,62707.0,67441.86224944504
2017-07-05,BEVERAGES,Prophet,2,65799.0,71580.17681058311
2017-07-06,BEVERAGES,Prophet,2,54241.0,64753.768554805625
2017-07-07,BEVERAGES,Prophet,2,65958.0,73958.8743253331
2017-07-08,BEVERAGES,Prophet,2,95841.0,97778.71986405549
2017-07-09,BEVERAGES,Prophet,2,106234.0,106933.7937845438
2017-07-10,BEVERAGES,Prophet,2,62622.0,76554.81034196934
2017-07-11,BEVERAGES,Prophet,2,54114.0,70970.46977739187
2017-07-12,BEVERAGES,Prophet,2,56435.0,75285.79081793531
2017-07-13,BEVERAGES,Prophet,2,54210.0,67504.01032768213
2017-07-14,BEVERAGES,Prophet,2,64752.0,77264.77397458116
2017-07-15,BEVERAGES,Prophet,2,97804.0,100879.53972722744
2017-07-16,BEVERAGES,Prophet,2,116261.0,109778.57138422388
2017-07-17,BEVERAGES,Prophet,2,69106.0,78760.55526997916
2017-07-18,BEVERAGES,Prophet,2,58557.0,72525.24944138482
2017-06-21,BEVERAGES,XGBoost,2,57539.0,63832.48828125
2017-06-22,BEVERAGES,XGBoost,2,45084.0,53073.87890625
2017-06-23,BEVERAGES,XGBoost,2,62666.0,71749.828125
2017-06-24,BEVERAGES,XGBoost,2,91036.0,95588.453125
2017-06-25,BEVERAGES,XGBoost,2,104241.0,111810.34375
2017-06-26,BEVERAGES,XGBoost,2,57471.0,62063.140625
2017-06-27,BEVERAGES,XGBoost,2,47792.0,57658.05859375
2017-06-28,BEVERAGES,XGBoost,2,52239.0,59848.80078125
2017-06-29,BEVERAGES,XGBoost,2,47902.0,54942.19921875
2017-06-30,BEVERAGES,XGBoost,2,67617.0,71615.4453125
2017-07-01,BEVERAGES,XGBoost,2,109697.0,101190.25
2017-07-02,BEVERAGES,XGBoost,2,126930.0,106848.9296875
2017-07-03,BEVERAGES,XGBoost,2,75863.0,77577.5390625
2017-07-04,BEVERAGES,XGBoost,2,62707.0,66761.96875
2017-07-05,BEVERAGES,XGBoost,2,65799.0,67755.3515625
2017-07-06,BEVERAGES,XGBoost,2,54241.0,56258.63671875
2017-07-07,BEVERAGES,XGBoost,2,65958.0,69463.6953125
2017-07-08,BEVERAGES,XGBoost,2,95841.0,95098.8203125
2017-07-09,BEVERAGES,XGBoost,2,106234.0,115528.640625
2017-07-10,BEVERAGES,XGBoost,2,62622.0,62194.8828125
2017-07-11,BEVERAGES,XGBoost,2,54114.0,57379.51953125
2017-07-12,BEVERAGES,XGBoost,2,56435.0,60285.39453125
2017-07-13,BEVERAGES,XGBoost,2,54210.0,53645.34765625
2017-07-14,BEVERAGES,XGBoost,2,64752.0,69096.5859375
2017-07-15,BEVERAGES,XGBoost,2,97804.0,97345.109375
2017-07-16,BEVERAGES,XGBoost,2,116261.0,107017.7265625
2017-07-17,BEVERAGES,XGBoost,2,69106.0,66178.4375
2017-07-18,BEVERAGES,XGBoost,2,58557.0,62846.52734375
2017-06-21,BREAD/BAKERY,Seasonal naive,2,10407.208,10403.277
2017-06-22,BREAD/BAKERY,Seasonal naive,2,8371.183,8941.589
2017-06-23,BREAD/BAKERY,Seasonal naive,2,11196.457,11448.772
2017-06-24,BREAD/BAKERY,Seasonal naive,2,14215.667,15184.003
2017-06-25,BREAD/BAKERY,Seasonal naive,2,16129.371,13173.167
2017-06-26,BREAD/BAKERY,Seasonal naive,2,10105.643,11290.775
2017-06-27,BREAD/BAKERY,Seasonal naive,2,9096.027,10922.923
2017-06-28,BREAD/BAKERY,Seasonal naive,2,10286.737,10403.277
2017-06-29,BREAD/BAKERY,Seasonal naive,2,8756.838,8941.589
2017-06-30,BREAD/BAKERY,Seasonal naive,2,11038.794,11448.772
2017-07-01,BREAD/BAKERY,Seasonal naive,2,15691.255,15184.003
2017-07-02,BREAD/BAKERY,Seasonal naive,2,17304.733,13173.167
2017-07-03,BREAD/BAKERY,Seasonal naive,2,11773.527,11290.775
2017-07-04,BREAD/BAKERY,Seasonal naive,2,9840.096,10922.923
2017-07-05,BREAD/BAKERY,Seasonal naive,2,11120.05,10403.277
2017-07-06,BREAD/BAKERY,Seasonal naive,2,8427.387999999999,8941.589
2017-07-07,BREAD/BAKERY,Seasonal naive,2,11166.934,11448.772
2017-07-08,BREAD/BAKERY,Seasonal naive,2,12647.622,15184.003
2017-07-09,BREAD/BAKERY,Seasonal naive,2,14826.47,13173.167
2017-07-10,BREAD/BAKERY,Seasonal naive,2,10888.409,11290.775
2017-07-11,BREAD/BAKERY,Seasonal naive,2,9067.985,10922.923
2017-07-12,BREAD/BAKERY,Seasonal naive,2,10073.355,10403.277
2017-07-13,BREAD/BAKERY,Seasonal naive,2,8197.19,8941.589
2017-07-14,BREAD/BAKERY,Seasonal naive,2,10164.232,11448.772
2017-07-15,BREAD/BAKERY,Seasonal naive,2,11734.443,15184.003
2017-07-16,BREAD/BAKERY,Seasonal naive,2,14083.485,13173.167
2017-07-17,BREAD/BAKERY,Seasonal naive,2,10211.71,11290.775
2017-07-18,BREAD/BAKERY,Seasonal naive,2,8596.146,10922.923
2017-06-21,BREAD/BAKERY,Prophet,2,10407.208,11205.299205349109
2017-06-22,BREAD/BAKERY,Prophet,2,8371.183,9681.16993669648
2017-06-23,BREAD/BAKERY,Prophet,2,11196.457,11636.356965365932
2017-06-24,BREAD/BAKERY,Prophet,2,14215.667,14025.771405317524
2017-06-25,BREAD/BAKERY,Prophet,2,16129.371,16288.97296643929
2017-06-26,BREAD/BAKERY,Prophet,2,10105.643,11490.300655118395
2017-06-27,BREAD/BAKERY,Prophet,2,9096.027,10206.060617382836
2017-06-28,BREAD/BAKERY,Prophet,2,10286.737,11039.594874703236
2017-06-29,BREAD/BAKERY,Prophet,2,8756.838,9521.411585449874
2017-06-30,BREAD/BAKERY,Prophet,2,11038.794,11071.52260619634
2017-07-01,BREAD/BAKERY,Prophet,2,15691.255,13915.681874766497
2017-07-02,BREAD/BAKERY,Prophet,2,17304.733,15829.82453321262
2017-07-03,BREAD/BAKERY,Prophet,2,11773.527,11921.3566428457
2017-07-04,BREAD/BAKERY,Prophet,2,9840.096,10287.67587726878
2017-07-05,BREAD/BAKERY,Prophet,2,11120.05,11162.71390396657
2017-07-06,BREAD/BAKERY,Prophet,2,8427.387999999999,9520.599391394026
2017-07-07,BREAD/BAKERY,Prophet,2,11166.934,11101.273172563282
2017-07-08,BREAD/BAKERY,Prophet,2,12647.622,13991.97641377202
2017-07-09,BREAD/BAKERY,Prophet,2,14826.47,15881.78887869442
2017-07-10,BREAD/BAKERY,Prophet,2,10888.409,11553.261023820138
2017-07-11,BREAD/BAKERY,Prophet,2,9067.985,10277.40698999732
2017-07-12,BREAD/BAKERY,Prophet,2,10073.355,11140.92448527306
2017-07-13,BREAD/BAKERY,Prophet,2,8197.19,9266.295524074048
2017-07-14,BREAD/BAKERY,Prophet,2,10164.232,10816.957450476584
2017-07-15,BREAD/BAKERY,Prophet,2,11734.443,13685.190796571016
2017-07-16,BREAD/BAKERY,Prophet,2,14083.485,15554.596686293791
2017-07-17,BREAD/BAKERY,Prophet,2,10211.71,11206.744057167363
2017-07-18,BREAD/BAKERY,Prophet,2,8596.146,9924.302372529632
2017-06-21,BREAD/BAKERY,XGBoost,2,10407.208,11267.552734375
2017-06-22,BREAD/BAKERY,XGBoost,2,8371.183,9857.884765625
2017-06-23,BREAD/BAKERY,XGBoost,2,11196.457,13777.0966796875
2017-06-24,BREAD/BAKERY,XGBoost,2,14215.667,14910.8212890625
2017-06-25,BREAD/BAKERY,XGBoost,2,16129.371,15191.0751953125
2017-06-26,BREAD/BAKERY,XGBoost,2,10105.643,9735.3388671875
2017-06-27,BREAD/BAKERY,XGBoost,2,9096.027,10359.6328125
2017-06-28,BREAD/BAKERY,XGBoost,2,10286.737,11699.0693359375
2017-06-29,BREAD/BAKERY,XGBoost,2,8756.838,10234.7060546875
2017-06-30,BREAD/BAKERY,XGBoost,2,11038.794,13533.9609375
2017-07-01,BREAD/BAKERY,XGBoost,2,15691.255,15588.923828125
2017-07-02,BREAD/BAKERY,XGBoost,2,17304.733,15942.86328125
2017-07-03,BREAD/BAKERY,XGBoost,2,11773.527,10747.5439453125
2017-07-04,BREAD/BAKERY,XGBoost,2,9840.096,10707.0498046875
2017-07-05,BREAD/BAKERY,XGBoost,2,11120.05,12143.841796875
2017-07-06,BREAD/BAKERY,XGBoost,2,8427.387999999999,9497.8076171875
2017-07-07,BREAD/BAKERY,XGBoost,2,11166.934,13567.3291015625
2017-07-08,BREAD/BAKERY,XGBoost,2,12647.622,15727.4619140625
2017-07-09,BREAD/BAKERY,XGBoost,2,14826.47,16506.376953125
2017-07-10,BREAD/BAKERY,XGBoost,2,10888.409,9823.90234375
2017-07-11,BREAD/BAKERY,XGBoost,2,9067.985,10579.3896484375
2017-07-12,BREAD/BAKERY,XGBoost,2,10073.355,12309.4228515625
2017-07-13,BREAD/BAKERY,XGBoost,2,8197.19,8969.99609375
2017-07-14,BREAD/BAKERY,XGBoost,2,10164.232,13550.34375
2017-07-15,BREAD/BAKERY,XGBoost,2,11734.443,16350.0517578125
2017-07-16,BREAD/BAKERY,XGBoost,2,14083.485,16461.08203125
2017-07-17,BREAD/BAKERY,XGBoost,2,10211.71,9806.7158203125
2017-07-18,BREAD/BAKERY,XGBoost,2,8596.146,10720.177734375
2017-06-21,CLEANING,Seasonal naive,2,18468.0,17796.0
2017-06-22,CLEANING,Seasonal naive,2,16264.0,16720.0
2017-06-23,CLEANING,Seasonal naive,2,21945.0,21089.0
2017-06-24,CLEANING,Seasonal naive,2,27421.0,25938.0
2017-06-25,CLEANING,Seasonal naive,2,30788.0,21339.0
2017-06-26,CLEANING,Seasonal naive,2,18677.0,19269.0
2017-06-27,CLEANING,Seasonal naive,2,16907.0,18499.0
2017-06-28,CLEANING,Seasonal naive,2,20469.0,17796.0
2017-06-29,CLEANING,Seasonal naive,2,16676.0,16720.0
2017-06-30,CLEANING,Seasonal naive,2,22617.0,21089.0
2017-07-01,CLEANING,Seasonal naive,2,37150.0,25938.0
2017-07-02,CLEANING,Seasonal naive,2,39857.0,21339.0
2017-07-03,CLEANING,Seasonal naive,2,25950.0,19269.0
2017-07-04,CLEANING,Seasonal naive,2,22163.0,18499.0
2017-07-05,CLEANING,Seasonal naive,2,23246.0,17796.0
2017-07-06,CLEANING,Seasonal naive,2,18618.0,16720.0
2017-07-07,CLEANING,Seasonal naive,2,20415.0,21089.0
2017-07-08,CLEANING,Seasonal naive,2,27332.0,25938.0
2017-07-09,CLEANING,Seasonal naive,2,31442.0,21339.0
2017-07-10,CLEANING,Seasonal naive,2,19552.0,19269.0
2017-07-11,CLEANING,Seasonal naive,2,17377.0,18499.0
2017-07-12,CLEANING,Seasonal naive,2,18060.0,17796.0
2017-07-13,CLEANING,Seasonal naive,2,14589.0,16720.0
2017-07-14,CLEANING,Seasonal naive,2,18698.0,21089.0
2017-07-15,CLEANING,Seasonal naive,2,24969.0,25938.0
2017-07-16,CLEANING,Seasonal naive,2,29477.0,21339.0
2017-07-17,CLEANING,Seasonal naive,2,21389.0,19269.0
2017-07-18,CLEANING,Seasonal naive,2,17849.0,18499.0
2017-06-21,CLEANING,Prophet,2,18468.0,20313.71637111122
2017-06-22,CLEANING,Prophet,2,16264.0,17200.949993465387
2017-06-23,CLEANING,Prophet,2,21945.0,21509.11399209416
2017-06-24,CLEANING,Prophet,2,27421.0,27305.20602090581
2017-06-25,CLEANING,Prophet,2,30788.0,31604.30354328592
2017-06-26,CLEANING,Prophet,2,18677.0,21116.318915361884
2017-06-27,CLEANING,Prophet,2,16907.0,19050.58712001353
2017-06-28,CLEANING,Prophet,2,20469.0,20630.455692404492
2017-06-29,CLEANING,Prophet,2,16676.0,17624.461797462973
2017-06-30,CLEANING,Prophet,2,22617.0,20214.84430407424
2017-07-01,CLEANING,Prophet,2,37150.0,27496.46037198312
2017-07-02,CLEANING,Prophet,2,39857.0,30095.792825205797
2017-07-03,CLEANING,Prophet,2,25950.0,23267.605239592573
2017-07-04,CLEANING,Prophet,2,22163.0,19440.825504249136
2017-07-05,CLEANING,Prophet,2,23246.0,20718.846376155627
2017-07-06,CLEANING,Prophet,2,18618.0,17496.16267221899
2017-07-07,CLEANING,Prophet,2,20415.0,20104.741411254872
2017-07-08,CLEANING,Prophet,2,27332.0,27653.265317373247
2017-07-09,CLEANING,Prophet,2,31442.0,30225.825232906765
2017-07-10,CLEANING,Prophet,2,19552.0,21578.34850177005
2017-07-11,CLEANING,Prophet,2,17377.0,19400.61780127669
2017-07-12,CLEANING,Prophet,2,18060.0,20665.83127730172
2017-07-13,CLEANING,Prophet,2,14589.0,16930.550160888422
2017-07-14,CLEANING,Prophet,2,18698.0,19420.059883145397
2017-07-15,CLEANING,Prophet,2,24969.0,26923.945705797047
2017-07-16,CLEANING,Prophet,2,29477.0,29460.42429971459
2017-07-17,CLEANING,Prophet,2,21389.0,20784.37342435826
2017-07-18,CLEANING,Prophet,2,17849.0,18521.689836332414
2017-06-21,CLEANING,XGBoost,2,18468.0,17793.9140625
2017-06-22,CLEANING,XGBoost,2,16264.0,14761.177734375
2017-06-23,CLEANING,XGBoost,2,21945.0,22404.5
2017-06-24,CLEANING,XGBoost,2,27421.0,28449.12890625
2017-06-25,CLEANING,XGBoost,2,30788.0,29621.82421875
2017-06-26,CLEANING,XGBoost,2,18677.0,17802.08203125
2017-06-27,CLEANING,XGBoost,2,16907.0,16062.4970703125
2017-06-28,CLEANING,XGBoost,2,20469.0,17884.37890625
2017-06-29,CLEANING,XGBoost,2,16676.0,17062.779296875
2017-06-30,CLEANING,XGBoost,2,22617.0,23726.484375
2017-07-01,CLEANING,XGBoost,2,37150.0,31706.927734375
2017-07-02,CLEANING,XGBoost,2,39857.0,31459.388671875
2017-07-03,CLEANING,XGBoost,2,25950.0,22420.990234375
2017-07-04,CLEANING,XGBoost,2,22163.0,18736.1328125
2017-07-05,CLEANING,XGBoost,2,23246.0,18238.478515625
2017-07-06,CLEANING,XGBoost,2,18618.0,15042.7998046875
2017-07-07,CLEANING,XGBoost,2,20415.0,21206.9453125
2017-07-08,CLEANING,XGBoost,2,27332.0,28565.70703125
2017-07-09,CLEANING,XGBoost,2,31442.0,31110.380859375
2017-07-10,CLEANING,XGBoost,2,19552.0,19402.80078125
2017-07-11,CLEANING,XGBoost,2,17377.0,16534.931640625
2017-07-12,CLEANING,XGBoost,2,18060.0,17283.48046875
2017-07-13,CLEANING,XGBoost,2,14589.0,15315.5078125
2017-07-14,CLEANING,XGBoost,2,18698.0,21041.283203125
2017-07-15,CLEANING,XGBoost,2,24969.0,27984.05859375
2017-07-16,CLEANING,XGBoost,2,29477.0,30094.376953125
2017-07-17,CLEANING,XGBoost,2,21389.0,18562.29296875
2017-07-18,CLEANING,XGBoost,2,17849.0,17301.16015625
2017-06-21,DAIRY,Seasonal naive,2,17532.0,18052.0
2017-06-22,DAIRY,Seasonal naive,2,14178.0,15305.0
2017-06-23,DAIRY,Seasonal naive,2,19279.0,21718.0
2017-06-24,DAIRY,Seasonal naive,2,24611.0,29440.0
2017-06-25,DAIRY,Seasonal naive,2,29484.0,23591.0
2017-06-26,DAIRY,Seasonal naive,2,17899.0,18048.0
2017-06-27,DAIRY,Seasonal naive,2,14508.0,16763.0
2017-06-28,DAIRY,Seasonal naive,2,16888.0,18052.0
2017-06-29,DAIRY,Seasonal naive,2,13683.0,15305.0
2017-06-30,DAIRY,Seasonal naive,2,18639.0,21718.0
2017-07-01,DAIRY,Seasonal naive,2,28874.0,29440.0
2017-07-02,DAIRY,Seasonal naive,2,32535.0,23591.0
2017-07-03,DAIRY,Seasonal naive,2,20620.0,18048.0
2017-07-04,DAIRY,Seasonal naive,2,16954.0,16763.0
2017-07-05,DAIRY,Seasonal naive,2,19297.0,18052.0
2017-07-06,DAIRY,Seasonal naive,2,15171.0,15305.0
2017-07-07,DAIRY,Seasonal naive,2,19188.0,21718.0
2017-07-08,DAIRY,Seasonal naive,2,24871.0,29440.0
2017-07-09,DAIRY,Seasonal naive,2,28290.0,23591.0
2017-07-10,DAIRY,Seasonal naive,2,17890.0,18048.0
2017-07-11,DAIRY,Seasonal naive,2,15293.0,16763.0
2017-07-12,DAIRY,Seasonal naive,2,16859.0,18052.0
2017-07-13,DAIRY,Seasonal naive,2,13448.0,15305.0
2017-07-14,DAIRY,Seasonal naive,2,17157.0,21718.0
2017-07-15,DAIRY,Seasonal naive,2,22136.0,29440.0
2017-07-16,DAIRY,Seasonal naive,2,26552.0,23591.0
2017-07-17,DAIRY,Seasonal naive,2,17841.0,18048.0
2017-07-18,DAIRY,Seasonal naive,2,15268.0,16763.0
2017-06-21,DAIRY,Prophet,2,17532.0,19277.380265149102
2017-06-22,DAIRY,Prophet,2,14178.0,16254.176240983004
2017-06-23,DAIRY,Prophet,2,19279.0,20048.304552494577
2017-06-24,DAIRY,Prophet,2,24611.0,24654.918765068167
2017-06-25,DAIRY,Prophet,2,29484.0,28065.15393299977
2017-06-26,DAIRY,Prophet,2,17899.0,18895.75183748625
2017-06-27,DAIRY,Prophet,2,14508.0,16883.708150771734
2017-06-28,DAIRY,Prophet,2,16888.0,18408.574111711136
2017-06-29,DAIRY,Prophet,2,13683.0,15487.184057658067
2017-06-30,DAIRY,Prophet,2,18639.0,18570.73434805614
2017-07-01,DAIRY,Prophet,2,28874.0,24486.586115427697
2017-07-02,DAIRY,Prophet,2,32535.0,26697.2755585201
2017-07-03,DAIRY,Prophet,2,20620.0,19990.561530960604
2017-07-04,DAIRY,Prophet,2,16954.0,16865.802897203168
2017-07-05,DAIRY,Prophet,2,19297.0,18842.3905791809
2017-07-06,DAIRY,Prophet,2,15171.0,15853.36885036825
2017-07-07,DAIRY,Prophet,2,19188.0,18793.05778097818
2017-07-08,DAIRY,Prophet,2,24871.0,24732.35007554268
2017-07-09,DAIRY,Prophet,2,28290.0,27008.796524566224
2017-07-10,DAIRY,Prophet,2,17890.0,19102.469668336125
2017-07-11,DAIRY,Prophet,2,15293.0,17156.880174407535
2017-07-12,DAIRY,Prophet,2,16859.0,18696.396726092607
2017-07-13,DAIRY,Prophet,2,13448.0,15543.47960005259
2017-07-14,DAIRY,Prophet,2,17157.0,18603.594604127567
2017-07-15,DAIRY,Prophet,2,22136.0,24513.89461570865
2017-07-16,DAIRY,Prophet,2,26552.0,26504.967625724086
2017-07-17,DAIRY,Prophet,2,17841.0,18558.45248382684
2017-07-18,DAIRY,Prophet,2,15268.0,16628.08692248404
2017-06-21,DAIRY,XGBoost,2,17532.0,17190.708984375
2017-06-22,DAIRY,XGBoost,2,14178.0,14463.279296875
2017-06-23,DAIRY,XGBoost,2,19279.0,22012.52734375
2017-06-24,DAIRY,XGBoost,2,24611.0,28154.01171875
2017-06-25,DAIRY,XGBoost,2,29484.0,30113.564453125
2017-06-26,DAIRY,XGBoost,2,17899.0,17681.650390625
2017-06-27,DAIRY,XGBoost,2,14508.0,15338.5556640625
2017-06-28,DAIRY,XGBoost,2,16888.0,17404.79296875
2017-06-29,DAIRY,XGBoost,2,13683.0,15553.873046875
2017-06-30,DAIRY,XGBoost,2,18639.0,22055.41796875
2017-07-01,DAIRY,XGBoost,2,28874.0,28976.94140625
2017-07-02,DAIRY,XGBoost,2,32535.0,31358.248046875
2017-07-03,DAIRY,XGBoost,2,20620.0,21807.517578125
2017-07-04,DAIRY,XGBoost,2,16954.0,17625.705078125
2017-07-05,DAIRY,XGBoost,2,19297.0,17536.078125
2017-07-06,DAIRY,XGBoost,2,15171.0,14978.373046875
2017-07-07,DAIRY,XGBoost,2,19188.0,20978.845703125
2017-07-08,DAIRY,XGBoost,2,24871.0,28073.89453125
2017-07-09,DAIRY,XGBoost,2,28290.0,31802.642578125
2017-07-10,DAIRY,XGBoost,2,17890.0,18334.568359375
2017-07-11,DAIRY,XGBoost,2,15293.0,15317.89453125
2017-07-12,DAIRY,XGBoost,2,16859.0,17144.92578125
2017-07-13,DAIRY,XGBoost,2,13448.0,14860.9150390625
2017-07-14,DAIRY,XGBoost,2,17157.0,21907.443359375
2017-07-15,DAIRY,XGBoost,2,22136.0,28964.60546875
2017-07-16,DAIRY,XGBoost,2,26552.0,31191.568359375
2017-07-17,DAIRY,XGBoost,2,17841.0,18362.150390625
2017-07-18,DAIRY,XGBoost,2,15268.0,16217.3515625
2017-06-21,GROCERY I,Seasonal naive,2,77541.0,73540.0
2017-06-22,GROCERY I,Seasonal naive,2,58516.0,66243.0
2017-06-23,GROCERY I,Seasonal naive,2,78761.0,90488.0
2017-06-24,GROCERY I,Seasonal naive,2,103284.0,118831.0
2017-06-25,GROCERY I,Seasonal naive,2,121247.0,98875.0
2017-06-26,GROCERY I,Seasonal naive,2,70664.0,77991.0
2017-06-27,GROCERY I,Seasonal naive,2,62546.0,76544.0
2017-06-28,GROCERY I,Seasonal naive,2,68540.0,73540.0
2017-06-29,GROCERY I,Seasonal naive,2,60301.0,66243.0
2017-06-30,GROCERY I,Seasonal naive,2,82696.0,90488.0
2017-07-01,GROCERY I,Seasonal naive,2,138622.0,118831.0
2017-07-02,GROCERY I,Seasonal naive,2,153288.0,98875.0
2017-07-03,GROCERY I,Seasonal naive,2,96207.0,77991.0
2017-07-04,GROCERY I,Seasonal naive,2,82377.0,76544.0
2017-07-05,GROCERY I,Seasonal naive,2,88054.0,73540.0
2017-07-06,GROCERY I,Seasonal naive,2,67783.0,66243.0
2017-07-07,GROCERY I,Seasonal naive,2,81489.0,90488.0
2017-07-08,GROCERY I,Seasonal naive,2,105649.0,118831.0
2017-07-09,GROCERY I,Seasonal naive,2,118324.0,98875.0
2017-07-10,GROCERY I,Seasonal naive,2,78517.0,77991.0
2017-07-11,GROCERY I,Seasonal naive,2,65764.0,76544.0
2017-07-12,GROCERY I,Seasonal naive,2,70254.0,73540.0
2017-07-13,GROCERY I,Seasonal naive,2,57946.0,66243.0
2017-07-14,GROCERY I,Seasonal naive,2,74543.0,90488.0
2017-07-15,GROCERY I,Seasonal naive,2,99082.0,118831.0
2017-07-16,GROCERY I,Seasonal naive,2,114044.0,98875.0
2017-07-17,GROCERY I,Seasonal naive,2,82543.0,77991.0
2017-07-18,GROCERY I,Seasonal naive,2,69525.0,76544.0
2017-06-21,GROCERY I,Prophet,2,77541.0,80124.60373930179
2017-06-22,GROCERY I,Prophet,2,58516.0,67585.76424664375
2017-06-23,GROCERY I,Prophet,2,78761.0,86587.48503356396
2017-06-24,GROCERY I,Prophet,2,103284.0,106245.59834050904
2017-06-25,GROCERY I,Prophet,2,121247.0,125407.3600196112
2017-06-26,GROCERY I,Prophet,2,70664.0,81273.98001365905
2017-06-27,GROCERY I,Prophet,2,62546.0,73116.27029263381
2017-06-28,GROCERY I,Prophet,2,68540.0,77576.35007872712
2017-06-29,GROCERY I,Prophet,2,60301.0,67110.8448912937
2017-06-30,GROCERY I,Prophet,2,82696.0,76851.77776478573
2017-07-01,GROCERY I,Prophet,2,138622.0,106222.8499423921
2017-07-02,GROCERY I,Prophet,2,153288.0,117021.78461996716
2017-07-03,GROCERY I,Prophet,2,96207.0,92101.82760092078
2017-07-04,GROCERY I,Prophet,2,82377.0,76410.04616067132
2017-07-05,GROCERY I,Prophet,2,88054.0,82316.42862667539
2017-07-06,GROCERY I,Prophet,2,67783.0,68518.3633778259
2017-07-07,GROCERY I,Prophet,2,81489.0,77614.28411371443
2017-07-08,GROCERY I,Prophet,2,105649.0,106471.88842142522
2017-07-09,GROCERY I,Prophet,2,118324.0,117394.64015003075
2017-07-10,GROCERY I,Prophet,2,78517.0,83259.62240168596
2017-07-11,GROCERY I,Prophet,2,65764.0,75967.09742351244
2017-07-12,GROCERY I,Prophet,2,70254.0,80562.7989945977
2017-07-13,GROCERY I,Prophet,2,57946.0,69784.56233261127
2017-07-14,GROCERY I,Prophet,2,74543.0,80252.04880623356
2017-07-15,GROCERY I,Prophet,2,99082.0,108977.45055160284
2017-07-16,GROCERY I,Prophet,2,114044.0,119721.95573628318
2017-07-17,GROCERY I,Prophet,2,82543.0,85164.84888106344
2017-07-18,GROCERY I,Prophet,2,69525.0,77248.11252207727
2017-06-21,GROCERY I,XGBoost,2,77541.0,77182.4375
2017-06-22,GROCERY I,XGBoost,2,58516.0,63127.81640625
2017-06-23,GROCERY I,XGBoost,2,78761.0,86982.0625
2017-06-24,GROCERY I,XGBoost,2,103284.0,103865.1796875
2017-06-25,GROCERY I,XGBoost,2,121247.0,113995.8984375
2017-06-26,GROCERY I,XGBoost,2,70664.0,66332.140625
2017-06-27,GROCERY I,XGBoost,2,62546.0,63606.609375
2017-06-28,GROCERY I,XGBoost,2,68540.0,70622.4296875
2017-06-29,GROCERY I,XGBoost,2,60301.0,66761.4453125
2017-06-30,GROCERY I,XGBoost,2,82696.0,80765.4296875
2017-07-01,GROCERY I,XGBoost,2,138622.0,105698.0859375
2017-07-02,GROCERY I,XGBoost,2,153288.0,114647.5625
2017-07-03,GROCERY I,XGBoost,2,96207.0,86684.0078125
2017-07-04,GROCERY I,XGBoost,2,82377.0,75911.6484375
2017-07-05,GROCERY I,XGBoost,2,88054.0,78606.96875
2017-07-06,GROCERY I,XGBoost,2,67783.0,67796.4375
2017-07-07,GROCERY I,XGBoost,2,81489.0,77702.984375
2017-07-08,GROCERY I,XGBoost,2,105649.0,99634.15625
2017-07-09,GROCERY I,XGBoost,2,118324.0,112678.0703125
2017-07-10,GROCERY I,XGBoost,2,78517.0,67432.2265625
2017-07-11,GROCERY I,XGBoost,2,65764.0,64283.99609375
2017-07-12,GROCERY I,XGBoost,2,70254.0,69727.6328125
2017-07-13,GROCERY I,XGBoost,2,57946.0,62946.95703125
2017-07-14,GROCERY I,XGBoost,2,74543.0,76695.765625
2017-07-15,GROCERY I,XGBoost,2,99082.0,104158.9296875
2017-07-16,GROCERY I,XGBoost,2,114044.0,108795.3046875
2017-07-17,GROCERY I,XGBoost,2,82543.0,69374.6640625
2017-07-18,GROCERY I,XGBoost,2,69525.0,66544.2421875
2017-06-21,MEATS,Seasonal naive,2,6740.964,6236.265
2017-06-22,MEATS,Seasonal naive,2,5628.798,6331.745
2017-06-23,MEATS,Seasonal naive,2,14609.505,17145.34
2017-06-24,MEATS,Seasonal naive,2,9751.812,11715.226
2017-06-25,MEATS,Seasonal naive,2,10444.941,8329.782
2017-06-26,MEATS,Seasonal naive,2,6920.292,6841.042
2017-06-27,MEATS,Seasonal naive,2,5943.229,7126.69
2017-06-28,MEATS,Seasonal naive,2,6459.912,6236.265
2017-06-29,MEATS,Seasonal naive,2,5701.02,6331.745
2017-06-30,MEATS,Seasonal naive,2,15619.456,17145.34
2017-07-01,MEATS,Seasonal naive,2,12060.177,11715.226
2017-07-02,MEATS,Seasonal naive,2,12838.442,8329.782
2017-07-03,MEATS,Seasonal naive,2,7982.902,6841.042
2017-07-04,MEATS,Seasonal naive,2,7021.245,7126.69
2017-07-05,MEATS,Seasonal naive,2,8177.791999999999,6236.265
2017-07-06,MEATS,Seasonal naive,2,6155.194,6331.745
2017-07-07,MEATS,Seasonal naive,2,14955.646,17145.34
2017-07-08,MEATS,Seasonal naive,2,9680.486,11715.226
2017-07-09,MEATS,Seasonal naive,2,9887.672,8329.782
2017-07-10,MEATS,Seasonal naive,2,6654.192,6841.042
2017-07-11,MEATS,Seasonal naive,2,6558.509,7126.69
2017-07-12,MEATS,Seasonal naive,2,6771.1990000000005,6236.265
2017-07-13,MEATS,Seasonal naive,2,5706.053,6331.745
2017-07-14,MEATS,Seasonal naive,2,14299.515,17145.34
2017-07-15,MEATS,Seasonal naive,2,8830.516,11715.226
2017-07-16,MEATS,Seasonal naive,2,9678.851,8329.782
2017-07-17,MEATS,Seasonal naive,2,7595.163,6841.042
2017-07-18,MEATS,Seasonal naive,2,6494.841,7126.69
2017-06-21,MEATS,Prophet,2,6740.964,9207.312318402037
2017-06-22,MEATS,Prophet,2,5628.798,5976.998114560527
2017-06-23,MEATS,Prophet,2,14609.505,13249.122347058385
2017-06-24,MEATS,Prophet,2,9751.812,9519.083279018552
2017-06-25,MEATS,Prophet,2,10444.941,10151.297287756784
2017-06-26,MEATS,Prophet,2,6920.292,6977.3732848879
2017-06-27,MEATS,Prophet,2,5943.229,6368.372825727925
2017-06-28,MEATS,Prophet,2,6459.912,6777.530700377301
2017-06-29,MEATS,Prophet,2,5701.02,5907.698466501804
2017-06-30,MEATS,Prophet,2,15619.456,12799.198043680635
2017-07-01,MEATS,Prophet,2,12060.177,9517.64242695967
2017-07-02,MEATS,Prophet,2,12838.442,9810.546720466024
2017-07-03,MEATS,Prophet,2,7982.902,7496.246062749771
2017-07-04,MEATS,Prophet,2,7021.245,6538.849805209273
2017-07-05,MEATS,Prophet,2,8177.791999999999,7035.28396988963
2017-07-06,MEATS,Prophet,2,6155.194,5998.772103361233
2017-07-07,MEATS,Prophet,2,14955.646,12913.368425440807
2017-07-08,MEATS,Prophet,2,9680.486,9611.662131188716
2017-07-09,MEATS,Prophet,2,9887.672,9859.999702011844
2017-07-10,MEATS,Prophet,2,6654.192,7124.926163269587
2017-07-11,MEATS,Prophet,2,6558.509,6533.9213061477
2017-07-12,MEATS,Prophet,2,6771.1990000000005,6946.582153198746
2017-07-13,MEATS,Prophet,2,5706.053,6113.328748532726
2017-07-14,MEATS,Prophet,2,14299.515,13000.825665099765
2017-07-15,MEATS,Prophet,2,8830.516,9707.693401059722
2017-07-16,MEATS,Prophet,2,9678.851,9935.47714386718
2017-07-17,MEATS,Prophet,2,7595.163,7167.197446873156
2017-07-18,MEATS,Prophet,2,6494.841,6553.681931041477
2017-06-21,MEATS,XGBoost,2,6740.964,8144.9384765625
2017-06-22,MEATS,XGBoost,2,5628.798,7410.5966796875
2017-06-23,MEATS,XGBoost,2,14609.505,17877.80859375
2017-06-24,MEATS,XGBoost,2,9751.812,14184.5556640625
2017-06-25,MEATS,XGBoost,2,10444.941,9997.796875
2017-06-26,MEATS,XGBoost,2,6920.292,7653.82373046875
2017-06-27,MEATS,XGBoost,2,5943.229,7390.6484375
2017-06-28,MEATS,XGBoost,2,6459.912,8175.68798828125
2017-06-29,MEATS,XGBoost,2,5701.02,7712.64501953125
2017-06-30,MEATS,XGBoost,2,15619.456,18090.873046875
2017-07-01,MEATS,XGBoost,2,12060.177,15541.296875
2017-07-02,MEATS,XGBoost,2,12838.442,12137.203125
2017-07-03,MEATS,XGBoost,2,7982.902,8305.0888671875
2017-07-04,MEATS,XGBoost,2,7021.245,7880.32177734375
2017-07-05,MEATS,XGBoost,2,8177.791999999999,9016.958984375
2017-07-06,MEATS,XGBoost,2,6155.194,7943.30615234375
2017-07-07,MEATS,XGBoost,2,14955.646,17823.970703125
2017-07-08,MEATS,XGBoost,2,9680.486,16746.36328125
2017-07-09,MEATS,XGBoost,2,9887.672,12793.2138671875
2017-07-10,MEATS,XGBoost,2,6654.192,6878.20751953125
2017-07-11,MEATS,XGBoost,2,6558.509,7698.3349609375
2017-07-12,MEATS,XGBoost,2,6771.1990000000005,8885.689453125
2017-07-13,MEATS,XGBoost,2,5706.053,8025.73828125
2017-07-14,MEATS,XGBoost,2,14299.515,18557.978515625
2017-07-15,MEATS,XGBoost,2,8830.516,17637.908203125
2017-07-16,MEATS,XGBoost,2,9678.851,14441.0029296875
2017-07-17,MEATS,XGBoost,2,7595.163,7156.92431640625
2017-07-18,MEATS,XGBoost,2,6494.841,7985.826171875
2017-06-21,POULTRY,Seasonal naive,2,7872.097,7714.172
2017-06-22,POULTRY,Seasonal naive,2,5750.22,6934.488
2017-06-23,POULTRY,Seasonal naive,2,14353.605,17236.598
2017-06-24,POULTRY,Seasonal naive,2,11334.201,13452.57
2017-06-25,POULTRY,Seasonal naive,2,13383.05,10496.883
2017-06-26,POULTRY,Seasonal naive,2,8150.008,8822.952
2017-06-27,POULTRY,Seasonal naive,2,6814.7880000000005,8310.068
2017-06-28,POULTRY,Seasonal naive,2,7430.7,7714.172
2017-06-29,POULTRY,Seasonal naive,2,6214.416,6934.488
2017-06-30,POULTRY,Seasonal naive,2,15574.475,17236.598
2017-07-01,POULTRY,Seasonal naive,2,14690.997,13452.57
2017-07-02,POULTRY,Seasonal naive,2,15815.958,10496.883
2017-07-03,POULTRY,Seasonal naive,2,10409.918,8822.952
2017-07-04,POULTRY,Seasonal naive,2,8574.568,8310.068
2017-07-05,POULTRY,Seasonal naive,2,8959.496,7714.172
2017-07-06,POULTRY,Seasonal naive,2,7408.162,6934.488
2017-07-07,POULTRY,Seasonal naive,2,16072.729,17236.598
2017-07-08,POULTRY,Seasonal naive,2,11653.773,13452.57
2017-07-09,POULTRY,Seasonal naive,2,13363.543,10496.883
2017-07-10,POULTRY,Seasonal naive,2,8702.577,8822.952
2017-07-11,POULTRY,Seasonal naive,2,7534.852,8310.068
2017-07-12,POULTRY,Seasonal naive,2,7655.415,7714.172
2017-07-13,POULTRY,Seasonal naive,2,6023.286,6934.488
2017-07-14,POULTRY,Seasonal naive,2,15423.06,17236.598
2017-07-15,POULTRY,Seasonal naive,2,10860.036,13452.57
2017-07-16,POULTRY,Seasonal naive,2,13163.521,10496.883
2017-07-17,POULTRY,Seasonal naive,2,9007.39,8822.952
2017-07-18,POULTRY,Seasonal naive,2,7729.308,8310.068
2017-06-21,POULTRY,Prophet,2,7872.097,8001.855918639366
2017-06-22,POULTRY,Prophet,2,5750.22,6601.611795586929
2017-06-23,POULTRY,Prophet,2,14353.605,13884.922553212786
2017-06-24,POULTRY,Prophet,2,11334.201,11539.900305850702
2017-06-25,POULTRY,Prophet,2,13383.05,13389.471454894636
2017-06-26,POULTRY,Prophet,2,8150.008,8514.679388492654
2017-06-27,POULTRY,Prophet,2,6814.7880000000005,7786.996289550471
2017-06-28,POULTRY,Prophet,2,7430.7,7865.205785638278
2017-06-29,POULTRY,Prophet,2,6214.416,6482.189286265848
2017-06-30,POULTRY,Prophet,2,15574.475,13255.006522389443
2017-07-01,POULTRY,Prophet,2,14690.997,11529.027953334751
2017-07-02,POULTRY,Prophet,2,15815.958,12854.575632300906
2017-07-03,POULTRY,Prophet,2,10409.918,9122.8860615186
2017-07-04,POULTRY,Prophet,2,8574.568,7870.962385207445
2017-07-05,POULTRY,Prophet,2,8959.496,8036.969472420702
2017-07-06,POULTRY,Prophet,2,7408.162,6509.044778729183
2017-07-07,POULTRY,Prophet,2,16072.729,13375.229113580828
2017-07-08,POULTRY,Prophet,2,11653.773,11531.61239324508
2017-07-09,POULTRY,Prophet,2,13363.543,12854.331815981526
2017-07-10,POULTRY,Prophet,2,8702.577,8566.010866190985
2017-07-11,POULTRY,Prophet,2,7534.852,7824.705796671011
2017-07-12,POULTRY,Prophet,2,7655.415,7946.461084850899
2017-07-13,POULTRY,Prophet,2,6023.286,6568.137361620234
2017-07-14,POULTRY,Prophet,2,15423.06,13427.547886632274
2017-07-15,POULTRY,Prophet,2,10860.036,11582.548800215834
2017-07-16,POULTRY,Prophet,2,13163.521,12880.320896892494
2017-07-17,POULTRY,Prophet,2,9007.39,8542.600507781386
2017-07-18,POULTRY,Prophet,2,7729.308,7786.008564127088
2017-06-21,POULTRY,XGBoost,2,7872.097,9002.509765625
2017-06-22,POULTRY,XGBoost,2,5750.22,7787.04541015625
2017-06-23,POULTRY,XGBoost,2,14353.605,18826.166015625
2017-06-24,POULTRY,XGBoost,2,11334.201,16162.78515625
2017-06-25,POULTRY,XGBoost,2,13383.05,12935.5888671875
2017-06-26,POULTRY,XGBoost,2,8150.008,8084.21630859375
2017-06-27,POULTRY,XGBoost,2,6814.7880000000005,8178.98583984375
2017-06-28,POULTRY,XGBoost,2,7430.7,9408.046875
2017-06-29,POULTRY,XGBoost,2,6214.416,8750.8359375
2017-06-30,POULTRY,XGBoost,2,15574.475,19791.595703125
2017-07-01,POULTRY,XGBoost,2,14690.997,18916.826171875
2017-07-02,POULTRY,XGBoost,2,15815.958,17127.3125
2017-07-03,POULTRY,XGBoost,2,10409.918,11139.80078125
2017-07-04,POULTRY,XGBoost,2,8574.568,9385.3447265625
2017-07-05,POULTRY,XGBoost,2,8959.496,10160.6767578125
2017-07-06,POULTRY,XGBoost,2,7408.162,8598.380859375
2017-07-07,POULTRY,XGBoost,2,16072.729,19673.8203125
2017-07-08,POULTRY,XGBoost,2,11653.773,19538.85546875
2017-07-09,POULTRY,XGBoost,2,13363.543,18544.45703125
2017-07-10,POULTRY,XGBoost,2,8702.577,9973.09765625
2017-07-11,POULTRY,XGBoost,2,7534.852,9017.6787109375
2017-07-12,POULTRY,XGBoost,2,7655.415,9973.1943359375
2017-07-13,POULTRY,XGBoost,2,6023.286,8984.3583984375
2017-07-14,POULTRY,XGBoost,2,15423.06,19549.8046875
2017-07-15,POULTRY,XGBoost,2,10860.036,20630.38671875
2017-07-16,POULTRY,XGBoost,2,13163.521,20133.923828125
2017-07-17,POULTRY,XGBoost,2,9007.39,11832.0888671875
2017-07-18,POULTRY,XGBoost,2,7729.308,8876.203125
2017-06-21,PRODUCE,Seasonal naive,2,72338.615,76366.224
2017-06-22,PRODUCE,Seasonal naive,2,38580.682,42772.118
2017-06-23,PRODUCE,Seasonal naive,2,52068.332,59815.86
2017-06-24,PRODUCE,Seasonal naive,2,65345.844000000005,80398.462
2017-06-25,PRODUCE,Seasonal naive,2,76549.535,62705.239
2017-06-26,PRODUCE,Seasonal naive,2,49943.813,52683.617
2017-06-27,PRODUCE,Seasonal naive,2,42511.933,48754.694
2017-06-28,PRODUCE,Seasonal naive,2,71532.712,76366.224
2017-06-29,PRODUCE,Seasonal naive,2,40406.106,42772.118
2017-06-30,PRODUCE,Seasonal naive,2,53589.488,59815.86
2017-07-01,PRODUCE,Seasonal naive,2,74656.919,80398.462
2017-07-02,PRODUCE,Seasonal naive,2,85195.32400000001,62705.239
2017-07-03,PRODUCE,Seasonal naive,2,58237.612,52683.617
2017-07-04,PRODUCE,Seasonal naive,2,46400.602,48754.694
2017-07-05,PRODUCE,Seasonal naive,2,78832.78,76366.224
2017-07-06,PRODUCE,Seasonal naive,2,41829.684,42772.118
2017-07-07,PRODUCE,Seasonal naive,2,52246.214,59815.86
2017-07-08,PRODUCE,Seasonal naive,2,64150.159,80398.462
2017-07-09,PRODUCE,Seasonal naive,2,74818.008,62705.239
2017-07-10,PRODUCE,Seasonal naive,2,52253.039,52683.617
2017-07-11,PRODUCE,Seasonal naive,2,42768.683,48754.694
2017-07-12,PRODUCE,Seasonal naive,2,70519.429,76366.224
2017-07-13,PRODUCE,Seasonal naive,2,38951.126,42772.118
2017-07-14,PRODUCE,Seasonal naive,2,48947.521,59815.86
2017-07-15,PRODUCE,Seasonal naive,2,61258.368,80398.462
2017-07-16,PRODUCE,Seasonal naive,2,76731.697,62705.239
2017-07-17,PRODUCE,Seasonal naive,2,52386.498,52683.617
2017-07-18,PRODUCE,Seasonal naive,2,41396.778,48754.694
2017-06-21,PRODUCE,Prophet,2,72338.615,80767.15776301565
2017-06-22,PRODUCE,Prophet,2,38580.682,45045.023524265685
2017-06-23,PRODUCE,Prophet,2,52068.332,53185.684608350064
2017-06-24,PRODUCE,Prophet,2,65345.844000000005,59567.98849550257
2017-06-25,PRODUCE,Prophet,2,76549.535,67523.66024532041
2017-06-26,PRODUCE,Prophet,2,49943.813,52845.5381839812
2017-06-27,PRODUCE,Prophet,2,42511.933,49304.86181481314
2017-06-28,PRODUCE,Prophet,2,71532.712,83478.0894132467
2017-06-29,PRODUCE,Prophet,2,40406.106,48851.680222297706
2017-06-30,PRODUCE,Prophet,2,53589.488,54089.69364485597
2017-07-01,PRODUCE,Prophet,2,74656.919,64470.311241353214
2017-07-02,PRODUCE,Prophet,2,85195.32400000001,69198.20566707326
2017-07-03,PRODUCE,Prophet,2,58237.612,62262.3644822139
2017-07-04,PRODUCE,Prophet,2,46400.602,55146.95127193901
2017-07-05,PRODUCE,Prophet,2,78832.78,87850.89110109513
2017-07-06,PRODUCE,Prophet,2,41829.684,54167.5587126738
2017-07-07,PRODUCE,Prophet,2,52246.214,58862.9071370262
2017-07-08,PRODUCE,Prophet,2,64150.159,69529.40841462013
2017-07-09,PRODUCE,Prophet,2,74818.008,73982.14735636557
2017-07-10,PRODUCE,Prophet,2,52253.039,63120.4933429676
2017-07-11,PRODUCE,Prophet,2,42768.683,60004.788027465416
2017-07-12,PRODUCE,Prophet,2,70519.429,92066.11614752712
2017-07-13,PRODUCE,Prophet,2,38951.126,57240.16381580709
2017-07-14,PRODUCE,Prophet,2,48947.521,61997.56745034212
2017-07-15,PRODUCE,Prophet,2,61258.368,71884.09255636152
2017-07-16,PRODUCE,Prophet,2,76731.697,75776.57662480546
2017-07-17,PRODUCE,Prophet,2,52386.498,64196.10865236562
2017-07-18,PRODUCE,Prophet,2,41396.778,60044.86149924283
2017-06-21,PRODUCE,XGBoost,2,72338.615,73915.953125
2017-06-22,PRODUCE,XGBoost,2,38580.682,46699.59375
2017-06-23,PRODUCE,XGBoost,2,52068.332,58143.7890625
2017-06-24,PRODUCE,XGBoost,2,65345.844000000005,73309.3125
2017-06-25,PRODUCE,XGBoost,2,76549.535,84597.328125
2017-06-26,PRODUCE,XGBoost,2,49943.813,51114.078125
2017-06-27,PRODUCE,XGBoost,2,42511.933,43003.49609375
2017-06-28,PRODUCE,XGBoost,2,71532.712,73313.71875
2017-06-29,PRODUCE,XGBoost,2,40406.106,49495.625
2017-06-30,PRODUCE,XGBoost,2,53589.488,57535.39453125
2017-07-01,PRODUCE,XGBoost,2,74656.919,78571.484375
2017-07-02,PRODUCE,XGBoost,2,85195.32400000001,81693.890625
2017-07-03,PRODUCE,XGBoost,2,58237.612,63109.31640625
2017-07-04,PRODUCE,XGBoost,2,46400.602,49334.35546875
2017-07-05,PRODUCE,XGBoost,2,78832.78,74592.890625
2017-07-06,PRODUCE,XGBoost,2,41829.684,51708.70703125
2017-07-07,PRODUCE,XGBoost,2,52246.214,57009.68359375
2017-07-08,PRODUCE,XGBoost,2,64150.159,76333.703125
2017-07-09,PRODUCE,XGBoost,2,74818.008,86351.8125
2017-07-10,PRODUCE,XGBoost,2,52253.039,54285.2578125
2017-07-11,PRODUCE,XGBoost,2,42768.683,46421.4453125
2017-07-12,PRODUCE,XGBoost,2,70519.429,73825.3359375
2017-07-13,PRODUCE,XGBoost,2,38951.126,51434.05859375
2017-07-14,PRODUCE,XGBoost,2,48947.521,56536.09375
2017-07-15,PRODUCE,XGBoost,2,61258.368,79671.2734375
2017-07-16,PRODUCE,XGBoost,2,76731.697,84858.5078125
2017-07-17,PRODUCE,XGBoost,2,52386.498,54674.32421875
2017-07-18,PRODUCE,XGBoost,2,41396.778,46443.3203125
2017-07-19,BEVERAGES,Seasonal naive,3,62559.0,56435.0
2017-07-20,BEVERAGES,Seasonal naive,3,58083.0,54210.0
2017-07-21,BEVERAGES,Seasonal naive,3,66856.0,64752.0
2017-07-22,BEVERAGES,Seasonal naive,3,92476.0,97804.0
2017-07-23,BEVERAGES,Seasonal naive,3,102914.0,116261.0
2017-07-24,BEVERAGES,Seasonal naive,3,66856.0,69106.0
2017-07-25,BEVERAGES,Seasonal naive,3,53592.0,58557.0
2017-07-26,BEVERAGES,Seasonal naive,3,56914.0,56435.0
2017-07-27,BEVERAGES,Seasonal naive,3,50581.0,54210.0
2017-07-28,BEVERAGES,Seasonal naive,3,72843.0,64752.0
2017-07-29,BEVERAGES,Seasonal naive,3,97674.0,97804.0
2017-07-30,BEVERAGES,Seasonal naive,3,114263.0,116261.0
2017-07-31,BEVERAGES,Seasonal naive,3,69883.0,69106.0
2017-08-01,BEVERAGES,Seasonal naive,3,70901.0,58557.0
2017-08-02,BEVERAGES,Seasonal naive,3,70405.0,56435.0
2017-08-03,BEVERAGES,Seasonal naive,3,53282.0,54210.0
2017-08-04,BEVERAGES,Seasonal naive,3,63140.0,64752.0
2017-08-05,BEVERAGES,Seasonal naive,3,90221.0,97804.0
2017-08-06,BEVERAGES,Seasonal naive,3,93078.0,116261.0
2017-08-07,BEVERAGES,Seasonal naive,3,60902.0,69106.0
2017-08-08,BEVERAGES,Seasonal naive,3,50284.0,58557.0
2017-08-09,BEVERAGES,Seasonal naive,3,53355.0,56435.0
2017-08-10,BEVERAGES,Seasonal naive,3,50982.0,54210.0
2017-08-11,BEVERAGES,Seasonal naive,3,66150.0,64752.0
2017-08-12,BEVERAGES,Seasonal naive,3,64167.0,97804.0
2017-08-13,BEVERAGES,Seasonal naive,3,74996.0,116261.0
2017-08-14,BEVERAGES,Seasonal naive,3,56372.0,69106.0
2017-08-15,BEVERAGES,Seasonal naive,3,53049.0,58557.0
2017-07-19,BEVERAGES,Prophet,3,62559.0,72453.95211188303
2017-07-20,BEVERAGES,Prophet,3,58083.0,64659.18800648997
2017-07-21,BEVERAGES,Prophet,3,66856.0,72258.01259271252
2017-07-22,BEVERAGES,Prophet,3,92476.0,94745.3496129535
2017-07-23,BEVERAGES,Prophet,3,102914.0,108887.896255121
2017-07-24,BEVERAGES,Prophet,3,66856.0,77476.87465873819
2017-07-25,BEVERAGES,Prophet,3,53592.0,71355.73337428845
2017-07-26,BEVERAGES,Prophet,3,56914.0,67502.389858897
2017-07-27,BEVERAGES,Prophet,3,50581.0,60023.05271667466
2017-07-28,BEVERAGES,Prophet,3,72843.0,69041.69275160677
2017-07-29,BEVERAGES,Prophet,3,97674.0,92104.0456552367
2017-07-30,BEVERAGES,Prophet,3,114263.0,100360.67231882965
2017-07-31,BEVERAGES,Prophet,3,69883.0,68817.82504397303
2017-08-01,BEVERAGES,Prophet,3,70901.0,61667.049477325134
2017-08-02,BEVERAGES,Prophet,3,70405.0,63979.58573618362
2017-08-03,BEVERAGES,Prophet,3,53282.0,53873.49177062404
2017-08-04,BEVERAGES,Prophet,3,63140.0,62895.61351721437
2017-08-05,BEVERAGES,Prophet,3,90221.0,91767.12829985793
2017-08-06,BEVERAGES,Prophet,3,93078.0,94677.2087164035
2017-08-07,BEVERAGES,Prophet,3,60902.0,63245.68137346806
2017-08-08,BEVERAGES,Prophet,3,50284.0,57043.643146674
2017-08-09,BEVERAGES,Prophet,3,53355.0,59728.79925160625
2017-08-10,BEVERAGES,Prophet,3,50982.0,52165.51830448293
2017-08-11,BEVERAGES,Prophet,3,66150.0,67063.54507104051
2017-08-12,BEVERAGES,Prophet,3,64167.0,85106.63062104909
2017-08-13,BEVERAGES,Prophet,3,74996.0,94143.2940054953
2017-08-14,BEVERAGES,Prophet,3,56372.0,63133.38201315582
2017-08-15,BEVERAGES,Prophet,3,53049.0,63082.27732499049
2017-07-19,BEVERAGES,XGBoost,3,62559.0,59921.96484375
2017-07-20,BEVERAGES,XGBoost,3,58083.0,50928.90625
2017-07-21,BEVERAGES,XGBoost,3,66856.0,63739.43359375
2017-07-22,BEVERAGES,XGBoost,3,92476.0,95637.546875
2017-07-23,BEVERAGES,XGBoost,3,102914.0,106795.2109375
2017-07-24,BEVERAGES,XGBoost,3,66856.0,75617.1328125
2017-07-25,BEVERAGES,XGBoost,3,53592.0,65545.7578125
2017-07-26,BEVERAGES,XGBoost,3,56914.0,58488.7734375
2017-07-27,BEVERAGES,XGBoost,3,50581.0,49639.41015625
2017-07-28,BEVERAGES,XGBoost,3,72843.0,64168.47265625
2017-07-29,BEVERAGES,XGBoost,3,97674.0,95033.2890625
2017-07-30,BEVERAGES,XGBoost,3,114263.0,114853.3359375
2017-07-31,BEVERAGES,XGBoost,3,69883.0,67991.4765625
2017-08-01,BEVERAGES,XGBoost,3,70901.0,60618.6015625
2017-08-02,BEVERAGES,XGBoost,3,70405.0,61407.51953125
2017-08-03,BEVERAGES,XGBoost,3,53282.0,50908.6953125
2017-08-04,BEVERAGES,XGBoost,3,63140.0,63385.7734375
2017-08-05,BEVERAGES,XGBoost,3,90221.0,93242.6484375
2017-08-06,BEVERAGES,XGBoost,3,93078.0,105438.3046875
2017-08-07,BEVERAGES,XGBoost,3,60902.0,63925.9453125
2017-08-08,BEVERAGES,XGBoost,3,50284.0,57554.32421875
2017-08-09,BEVERAGES,XGBoost,3,53355.0,58843.57421875
2017-08-10,BEVERAGES,XGBoost,3,50982.0,51065.359375
2017-08-11,BEVERAGES,XGBoost,3,66150.0,66583.90625
2017-08-12,BEVERAGES,XGBoost,3,64167.0,92952.96875
2017-08-13,BEVERAGES,XGBoost,3,74996.0,113875.65625
2017-08-14,BEVERAGES,XGBoost,3,56372.0,64723.359375
2017-08-15,BEVERAGES,XGBoost,3,53049.0,62526.7578125
2017-07-19,BREAD/BAKERY,Seasonal naive,3,9813.685,10073.355
2017-07-20,BREAD/BAKERY,Seasonal naive,3,8738.813,8197.19
2017-07-21,BREAD/BAKERY,Seasonal naive,3,9580.288,10164.232
2017-07-22,BREAD/BAKERY,Seasonal naive,3,11423.209,11734.443
2017-07-23,BREAD/BAKERY,Seasonal naive,3,13121.044,14083.485
2017-07-24,BREAD/BAKERY,Seasonal naive,3,10252.375,10211.71
2017-07-25,BREAD/BAKERY,Seasonal naive,3,8296.342999999999,8596.146
2017-07-26,BREAD/BAKERY,Seasonal naive,3,9598.539,10073.355
2017-07-27,BREAD/BAKERY,Seasonal naive,3,7839.986,8197.19
2017-07-28,BREAD/BAKERY,Seasonal naive,3,9985.269,10164.232
2017-07-29,BREAD/BAKERY,Seasonal naive,3,11872.091,11734.443
2017-07-30,BREAD/BAKERY,Seasonal naive,3,13862.411,14083.485
2017-07-31,BREAD/BAKERY,Seasonal naive,3,10509.146,10211.71
2017-08-01,BREAD/BAKERY,Seasonal naive,3,10305.992,8596.146
2017-08-02,BREAD/BAKERY,Seasonal naive,3,10952.562,10073.355
2017-08-03,BREAD/BAKERY,Seasonal naive,3,8716.576000000001,8197.19
2017-08-04,BREAD/BAKERY,Seasonal naive,3,11271.137,10164.232
2017-08-05,BREAD/BAKERY,Seasonal naive,3,12848.769,11734.443
2017-08-06,BREAD/BAKERY,Seasonal naive,3,13945.466,14083.485
2017-08-07,BREAD/BAKERY,Seasonal naive,3,10429.372,10211.71
2017-08-08,BREAD/BAKERY,Seasonal naive,3,9187.531,8596.146
2017-08-09,BREAD/BAKERY,Seasonal naive,3,9588.502,10073.355
2017-08-10,BREAD/BAKERY,Seasonal naive,3,8299.734,8197.19
2017-08-11,BREAD/BAKERY,Seasonal naive,3,11090.886,10164.232
2017-08-12,BREAD/BAKERY,Seasonal naive,3,10367.884,11734.443
2017-08-13,BREAD/BAKERY,Seasonal naive,3,11576.295,14083.485
2017-08-14,BREAD/BAKERY,Seasonal naive,3,9761.715,10211.71
2017-08-15,BREAD/BAKERY,Seasonal naive,3,8631.474,8596.146
2017-07-19,BREAD/BAKERY,Prophet,3,9813.685,10469.567909653308
2017-07-20,BREAD/BAKERY,Prophet,3,8738.813,8928.603742850628
2017-07-21,BREAD/BAKERY,Prophet,3,9580.288,10475.889806897085
2017-07-22,BREAD/BAKERY,Prophet,3,11423.209,13320.29716908134
2017-07-23,BREAD/BAKERY,Prophet,3,13121.044,15592.55059825049
2017-07-24,BREAD/BAKERY,Prophet,3,10252.375,11212.262527269078
2017-07-25,BREAD/BAKERY,Prophet,3,8296.342999999999,9906.20761485941
2017-07-26,BREAD/BAKERY,Prophet,3,9598.539,10290.458920314664
2017-07-27,BREAD/BAKERY,Prophet,3,7839.986,8731.799746567647
2017-07-28,BREAD/BAKERY,Prophet,3,9985.269,10262.0383705699
2017-07-29,BREAD/BAKERY,Prophet,3,11872.091,13100.577588220493
2017-07-30,BREAD/BAKERY,Prophet,3,13862.411,14948.29841079628
2017-07-31,BREAD/BAKERY,Prophet,3,10509.146,10571.533891928577
2017-08-01,BREAD/BAKERY,Prophet,3,10305.992,9285.152267538517
2017-08-02,BREAD/BAKERY,Prophet,3,10952.562,10108.329308145803
2017-08-03,BREAD/BAKERY,Prophet,3,8716.576000000001,9257.67283806368
2017-08-04,BREAD/BAKERY,Prophet,3,11271.137,10811.944748543912
2017-08-05,BREAD/BAKERY,Prophet,3,12848.769,14114.490700020631
2017-08-06,BREAD/BAKERY,Prophet,3,13945.466,15570.580494616255
2017-08-07,BREAD/BAKERY,Prophet,3,10429.372,11116.630757779949
2017-08-08,BREAD/BAKERY,Prophet,3,9187.531,9948.321604847664
2017-08-09,BREAD/BAKERY,Prophet,3,9588.502,10830.247314464932
2017-08-10,BREAD/BAKERY,Prophet,3,8299.734,9312.594470847109
2017-08-11,BREAD/BAKERY,Prophet,3,11090.886,11359.073382243088
2017-08-12,BREAD/BAKERY,Prophet,3,10367.884,13837.711563675415
2017-08-13,BREAD/BAKERY,Prophet,3,11576.295,15771.216709806518
2017-08-14,BREAD/BAKERY,Prophet,3,9761.715,11450.900668358834
2017-08-15,BREAD/BAKERY,Prophet,3,8631.474,10678.35442592358
2017-07-19,BREAD/BAKERY,XGBoost,3,9813.685,11672.4921875
2017-07-20,BREAD/BAKERY,XGBoost,3,8738.813,9212.0546875
2017-07-21,BREAD/BAKERY,XGBoost,3,9580.288,12776.9375
2017-07-22,BREAD/BAKERY,XGBoost,3,11423.209,14045.7060546875
2017-07-23,BREAD/BAKERY,XGBoost,3,13121.044,15060.408203125
2017-07-24,BREAD/BAKERY,XGBoost,3,10252.375,10276.3427734375
2017-07-25,BREAD/BAKERY,XGBoost,3,8296.342999999999,9405.0478515625
2017-07-26,BREAD/BAKERY,XGBoost,3,9598.539,12105.8251953125
2017-07-27,BREAD/BAKERY,XGBoost,3,7839.986,8620.373046875
2017-07-28,BREAD/BAKERY,XGBoost,3,9985.269,13037.9990234375
2017-07-29,BREAD/BAKERY,XGBoost,3,11872.091,15056.10546875
2017-07-30,BREAD/BAKERY,XGBoost,3,13862.411,15901.9853515625
2017-07-31,BREAD/BAKERY,XGBoost,3,10509.146,10052.9638671875
2017-08-01,BREAD/BAKERY,XGBoost,3,10305.992,9941.3603515625
2017-08-02,BREAD/BAKERY,XGBoost,3,10952.562,12543.9560546875
2017-08-03,BREAD/BAKERY,XGBoost,3,8716.576000000001,9218.634765625
2017-08-04,BREAD/BAKERY,XGBoost,3,11271.137,14511.474609375
2017-08-05,BREAD/BAKERY,XGBoost,3,12848.769,15253.8212890625
2017-08-06,BREAD/BAKERY,XGBoost,3,13945.466,15552.982421875
2017-08-07,BREAD/BAKERY,XGBoost,3,10429.372,10136.8662109375
2017-08-08,BREAD/BAKERY,XGBoost,3,9187.531,10583.1123046875
2017-08-09,BREAD/BAKERY,XGBoost,3,9588.502,12608.34765625
2017-08-10,BREAD/BAKERY,XGBoost,3,8299.734,9061.6953125
2017-08-11,BREAD/BAKERY,XGBoost,3,11090.886,15112.3388671875
2017-08-12,BREAD/BAKERY,XGBoost,3,10367.884,15410.3779296875
2017-08-13,BREAD/BAKERY,XGBoost,3,11576.295,16107.2734375
2017-08-14,BREAD/BAKERY,XGBoost,3,9761.715,10259.830078125
2017-08-15,BREAD/BAKERY,XGBoost,3,8631.474,10486.9638671875
2017-07-19,CLEANING,Seasonal naive,3,19315.0,18060.0
2017-07-20,CLEANING,Seasonal naive,3,18452.0,14589.0
2017-07-21,CLEANING,Seasonal naive,3,19809.0,18698.0
2017-07-22,CLEANING,Seasonal naive,3,25589.0,24969.0
2017-07-23,CLEANING,Seasonal naive,3,30033.0,29477.0
2017-07-24,CLEANING,Seasonal naive,3,22168.0,21389.0
2017-07-25,CLEANING,Seasonal naive,3,17042.0,17849.0
2017-07-26,CLEANING,Seasonal naive,3,19278.0,18060.0
2017-07-27,CLEANING,Seasonal naive,3,15977.0,14589.0
2017-07-28,CLEANING,Seasonal naive,3,20993.0,18698.0
2017-07-29,CLEANING,Seasonal naive,3,27977.0,24969.0
2017-07-30,CLEANING,Seasonal naive,3,32214.0,29477.0
2017-07-31,CLEANING,Seasonal naive,3,22900.0,21389.0
2017-08-01,CLEANING,Seasonal naive,3,25184.0,17849.0
2017-08-02,CLEANING,Seasonal naive,3,25553.0,18060.0
2017-08-03,CLEANING,Seasonal naive,3,17561.0,14589.0
2017-08-04,CLEANING,Seasonal naive,3,19005.0,18698.0
2017-08-05,CLEANING,Seasonal naive,3,24925.0,24969.0
2017-08-06,CLEANING,Seasonal naive,3,25880.0,29477.0
2017-08-07,CLEANING,Seasonal naive,3,18132.0,21389.0
2017-08-08,CLEANING,Seasonal naive,3,15953.0,17849.0
2017-08-09,CLEANING,Seasonal naive,3,16020.0,18060.0
2017-08-10,CLEANING,Seasonal naive,3,13253.0,14589.0
2017-08-11,CLEANING,Seasonal naive,3,18719.0,18698.0
2017-08-12,CLEANING,Seasonal naive,3,17789.0,24969.0
2017-08-13,CLEANING,Seasonal naive,3,20502.0,29477.0
2017-08-14,CLEANING,Seasonal naive,3,16875.0,21389.0
2017-08-15,CLEANING,Seasonal naive,3,16418.0,17849.0
2017-07-19,CLEANING,Prophet,3,19315.0,19770.888736732843
2017-07-20,CLEANING,Prophet,3,18452.0,16691.847387524685
2017-07-21,CLEANING,Prophet,3,19809.0,18850.09346399188
2017-07-22,CLEANING,Prophet,3,25589.0,26370.768983776663
2017-07-23,CLEANING,Prophet,3,30033.0,30582.20187398042
2017-07-24,CLEANING,Prophet,3,22168.0,21703.572513768748
2017-07-25,CLEANING,Prophet,3,17042.0,19418.29669680413
2017-07-26,CLEANING,Prophet,3,19278.0,18790.48652644554
2017-07-27,CLEANING,Prophet,3,15977.0,15862.996739455715
2017-07-28,CLEANING,Prophet,3,20993.0,18356.88504504905
2017-07-29,CLEANING,Prophet,3,27977.0,25807.17740851552
2017-07-30,CLEANING,Prophet,3,32214.0,28340.910415424238
2017-07-31,CLEANING,Prophet,3,22900.0,19636.39289427023
2017-08-01,CLEANING,Prophet,3,25184.0,17188.445415572598
2017-08-02,CLEANING,Prophet,3,25553.0,18500.42292366733
2017-08-03,CLEANING,Prophet,3,17561.0,15169.03750140105
2017-08-04,CLEANING,Prophet,3,19005.0,17670.58514284284
2017-08-05,CLEANING,Prophet,3,24925.0,27006.403382780976
2017-08-06,CLEANING,Prophet,3,25880.0,27853.569017553025
2017-08-07,CLEANING,Prophet,3,18132.0,19196.30793899286
2017-08-08,CLEANING,Prophet,3,15953.0,17148.69038141892
2017-08-09,CLEANING,Prophet,3,16020.0,18391.345281462112
2017-08-10,CLEANING,Prophet,3,13253.0,15611.43941596169
2017-08-11,CLEANING,Prophet,3,18719.0,20058.829137453995
2017-08-12,CLEANING,Prophet,3,17789.0,25862.180397539458
2017-08-13,CLEANING,Prophet,3,20502.0,28549.45963103821
2017-08-14,CLEANING,Prophet,3,16875.0,19918.544335610743
2017-08-15,CLEANING,Prophet,3,16418.0,19654.294892067304
2017-07-19,CLEANING,XGBoost,3,19315.0,18985.083984375
2017-07-20,CLEANING,XGBoost,3,18452.0,16509.787109375
2017-07-21,CLEANING,XGBoost,3,19809.0,20003.80859375
2017-07-22,CLEANING,XGBoost,3,25589.0,27717.142578125
2017-07-23,CLEANING,XGBoost,3,30033.0,31504.236328125
2017-07-24,CLEANING,XGBoost,3,22168.0,20885.052734375
2017-07-25,CLEANING,XGBoost,3,17042.0,18875.380859375
2017-07-26,CLEANING,XGBoost,3,19278.0,18753.8046875
2017-07-27,CLEANING,XGBoost,3,15977.0,15570.1171875
2017-07-28,CLEANING,XGBoost,3,20993.0,20010.958984375
2017-07-29,CLEANING,XGBoost,3,27977.0,28978.390625
2017-07-30,CLEANING,XGBoost,3,32214.0,32511.728515625
2017-07-31,CLEANING,XGBoost,3,22900.0,22018.13671875
2017-08-01,CLEANING,XGBoost,3,25184.0,19686.216796875
2017-08-02,CLEANING,XGBoost,3,25553.0,19843.78125
2017-08-03,CLEANING,XGBoost,3,17561.0,17998.529296875
2017-08-04,CLEANING,XGBoost,3,19005.0,20841.21875
2017-08-05,CLEANING,XGBoost,3,24925.0,28607.162109375
2017-08-06,CLEANING,XGBoost,3,25880.0,33814.40234375
2017-08-07,CLEANING,XGBoost,3,18132.0,20363.09375
2017-08-08,CLEANING,XGBoost,3,15953.0,17902.72265625
2017-08-09,CLEANING,XGBoost,3,16020.0,18045.2734375
2017-08-10,CLEANING,XGBoost,3,13253.0,15308.943359375
2017-08-11,CLEANING,XGBoost,3,18719.0,20970.673828125
2017-08-12,CLEANING,XGBoost,3,17789.0,28359.037109375
2017-08-13,CLEANING,XGBoost,3,20502.0,33240.31640625
2017-08-14,CLEANING,XGBoost,3,16875.0,21128.76171875
2017-08-15,CLEANING,XGBoost,3,16418.0,19598.064453125
2017-07-19,DAIRY,Seasonal naive,3,17092.0,16859.0
2017-07-20,DAIRY,Seasonal naive,3,14878.0,13448.0
2017-07-21,DAIRY,Seasonal naive,3,17574.0,17157.0
2017-07-22,DAIRY,Seasonal naive,3,21593.0,22136.0
2017-07-23,DAIRY,Seasonal naive,3,24798.0,26552.0
2017-07-24,DAIRY,Seasonal naive,3,18798.0,17841.0
2017-07-25,DAIRY,Seasonal naive,3,14495.0,15268.0
2017-07-26,DAIRY,Seasonal naive,3,15729.0,16859.0
2017-07-27,DAIRY,Seasonal naive,3,13304.0,13448.0
2017-07-28,DAIRY,Seasonal naive,3,17497.0,17157.0
2017-07-29,DAIRY,Seasonal naive,3,22239.0,22136.0
2017-07-30,DAIRY,Seasonal naive,3,25036.0,26552.0
2017-07-31,DAIRY,Seasonal naive,3,17872.0,17841.0
2017-08-01,DAIRY,Seasonal naive,3,18760.0,15268.0
2017-08-02,DAIRY,Seasonal naive,3,19270.0,16859.0
2017-08-03,DAIRY,Seasonal naive,3,14989.0,13448.0
2017-08-04,DAIRY,Seasonal naive,3,17841.0,17157.0
2017-08-05,DAIRY,Seasonal naive,3,22231.0,22136.0
2017-08-06,DAIRY,Seasonal naive,3,24596.0,26552.0
2017-08-07,DAIRY,Seasonal naive,3,17203.0,17841.0
2017-08-08,DAIRY,Seasonal naive,3,14015.0,15268.0
2017-08-09,DAIRY,Seasonal naive,3,15696.0,16859.0
2017-08-10,DAIRY,Seasonal naive,3,13470.0,13448.0
2017-08-11,DAIRY,Seasonal naive,3,18791.0,17157.0
2017-08-12,DAIRY,Seasonal naive,3,17558.0,22136.0
2017-08-13,DAIRY,Seasonal naive,3,20214.0,26552.0
2017-08-14,DAIRY,Seasonal naive,3,16623.0,17841.0
2017-08-15,DAIRY,Seasonal naive,3,15157.0,15268.0
2017-07-19,DAIRY,Prophet,3,17092.0,17973.886137395697
2017-07-20,DAIRY,Prophet,3,14878.0,15082.141465229928
2017-07-21,DAIRY,Prophet,3,17574.0,18003.11802974264
2017-07-22,DAIRY,Prophet,3,21593.0,23867.64968796735
2017-07-23,DAIRY,Prophet,3,24798.0,27288.3356477124
2017-07-24,DAIRY,Prophet,3,18798.0,19281.180064059023
2017-07-25,DAIRY,Prophet,3,14495.0,17262.39756702536
2017-07-26,DAIRY,Prophet,3,15729.0,17578.167921202003
2017-07-27,DAIRY,Prophet,3,13304.0,14286.830683169228
2017-07-28,DAIRY,Prophet,3,17497.0,17231.203444559498
2017-07-29,DAIRY,Prophet,3,22239.0,23047.1690230068
2017-07-30,DAIRY,Prophet,3,25036.0,25219.174845345067
2017-07-31,DAIRY,Prophet,3,17872.0,17239.698150079166
2017-08-01,DAIRY,Prophet,3,18760.0,14949.855563967349
2017-08-02,DAIRY,Prophet,3,19270.0,16438.04895360306
2017-08-03,DAIRY,Prophet,3,14989.0,13949.355507527149
2017-08-04,DAIRY,Prophet,3,17841.0,17223.43644449209
2017-08-05,DAIRY,Prophet,3,22231.0,24319.289835425043
2017-08-06,DAIRY,Prophet,3,24596.0,25336.06339052821
2017-08-07,DAIRY,Prophet,3,17203.0,17275.96398988895
2017-08-08,DAIRY,Prophet,3,14015.0,15352.740129401644
2017-08-09,DAIRY,Prophet,3,15696.0,16887.111743592715
2017-08-10,DAIRY,Prophet,3,13470.0,14019.022264983949
2017-08-11,DAIRY,Prophet,3,18791.0,18322.66042450189
2017-08-12,DAIRY,Prophet,3,17558.0,23072.175206956163
2017-08-13,DAIRY,Prophet,3,20214.0,25389.712349241134
2017-08-14,DAIRY,Prophet,3,16623.0,17511.572093920862
2017-08-15,DAIRY,Prophet,3,15157.0,16842.56006565167
2017-07-19,DAIRY,XGBoost,3,17092.0,16871.900390625
2017-07-20,DAIRY,XGBoost,3,14878.0,14265.2890625
2017-07-21,DAIRY,XGBoost,3,17574.0,18245.87890625
2017-07-22,DAIRY,XGBoost,3,21593.0,25453.3828125
2017-07-23,DAIRY,XGBoost,3,24798.0,29035.685546875
2017-07-24,DAIRY,XGBoost,3,18798.0,20025.6484375
2017-07-25,DAIRY,XGBoost,3,14495.0,17435.73828125
2017-07-26,DAIRY,XGBoost,3,15729.0,16970.22265625
2017-07-27,DAIRY,XGBoost,3,13304.0,13962.8203125
2017-07-28,DAIRY,XGBoost,3,17497.0,17900.24609375
2017-07-29,DAIRY,XGBoost,3,22239.0,26458.603515625
2017-07-30,DAIRY,XGBoost,3,25036.0,30601.427734375
2017-07-31,DAIRY,XGBoost,3,17872.0,19260.12109375
2017-08-01,DAIRY,XGBoost,3,18760.0,16361.1923828125
2017-08-02,DAIRY,XGBoost,3,19270.0,17545.00390625
2017-08-03,DAIRY,XGBoost,3,14989.0,14518.5126953125
2017-08-04,DAIRY,XGBoost,3,17841.0,18173.828125
2017-08-05,DAIRY,XGBoost,3,22231.0,25956.796875
2017-08-06,DAIRY,XGBoost,3,24596.0,29867.708984375
2017-08-07,DAIRY,XGBoost,3,17203.0,18114.810546875
2017-08-08,DAIRY,XGBoost,3,14015.0,16130.453125
2017-08-09,DAIRY,XGBoost,3,15696.0,16415.49609375
2017-08-10,DAIRY,XGBoost,3,13470.0,13963.6376953125
2017-08-11,DAIRY,XGBoost,3,18791.0,19067.798828125
2017-08-12,DAIRY,XGBoost,3,17558.0,26368.751953125
2017-08-13,DAIRY,XGBoost,3,20214.0,29418.8671875
2017-08-14,DAIRY,XGBoost,3,16623.0,18109.740234375
2017-08-15,DAIRY,XGBoost,3,15157.0,17043.611328125
2017-07-19,GROCERY I,Seasonal naive,3,75703.0,70254.0
2017-07-20,GROCERY I,Seasonal naive,3,68399.0,57946.0
2017-07-21,GROCERY I,Seasonal naive,3,79603.0,74543.0
2017-07-22,GROCERY I,Seasonal naive,3,96440.0,99082.0
2017-07-23,GROCERY I,Seasonal naive,3,112659.0,114044.0
2017-07-24,GROCERY I,Seasonal naive,3,79878.0,82543.0
2017-07-25,GROCERY I,Seasonal naive,3,67554.0,69525.0
2017-07-26,GROCERY I,Seasonal naive,3,70883.0,70254.0
2017-07-27,GROCERY I,Seasonal naive,3,61865.0,57946.0
2017-07-28,GROCERY I,Seasonal naive,3,80764.0,74543.0
2017-07-29,GROCERY I,Seasonal naive,3,105042.0,99082.0
2017-07-30,GROCERY I,Seasonal naive,3,118605.0,114044.0
2017-07-31,GROCERY I,Seasonal naive,3,88937.0,82543.0
2017-08-01,GROCERY I,Seasonal naive,3,95071.0,69525.0
2017-08-02,GROCERY I,Seasonal naive,3,94023.0,70254.0
2017-08-03,GROCERY I,Seasonal naive,3,71860.0,57946.0
2017-08-04,GROCERY I,Seasonal naive,3,80452.0,74543.0
2017-08-05,GROCERY I,Seasonal naive,3,103033.0,99082.0
2017-08-06,GROCERY I,Seasonal naive,3,110480.0,114044.0
2017-08-07,GROCERY I,Seasonal naive,3,77444.0,82543.0
2017-08-08,GROCERY I,Seasonal naive,3,64630.0,69525.0
2017-08-09,GROCERY I,Seasonal naive,3,68303.0,70254.0
2017-08-10,GROCERY I,Seasonal naive,3,59918.0,57946.0
2017-08-11,GROCERY I,Seasonal naive,3,81861.0,74543.0
2017-08-12,GROCERY I,Seasonal naive,3,75472.0,99082.0
2017-08-13,GROCERY I,Seasonal naive,3,86199.0,114044.0
2017-08-14,GROCERY I,Seasonal naive,3,70252.0,82543.0
2017-08-15,GROCERY I,Seasonal naive,3,68534.0,69525.0
2017-07-19,GROCERY I,Prophet,3,75703.0,81316.83905674948
2017-07-20,GROCERY I,Prophet,3,68399.0,70240.65278709913
2017-07-21,GROCERY I,Prophet,3,79603.0,80247.04751092188
2017-07-22,GROCERY I,Prophet,3,96440.0,108947.61402845496
2017-07-23,GROCERY I,Prophet,3,112659.0,127925.6298169791
2017-07-24,GROCERY I,Prophet,3,79878.0,93038.17230158998
2017-07-25,GROCERY I,Prophet,3,67554.0,84597.84794806349
2017-07-26,GROCERY I,Prophet,3,70883.0,79349.30489547728
2017-07-27,GROCERY I,Prophet,3,61865.0,66961.54517407555
2017-07-28,GROCERY I,Prophet,3,80764.0,77119.66218842017
2017-07-29,GROCERY I,Prophet,3,105042.0,105725.56610756506
2017-07-30,GROCERY I,Prophet,3,118605.0,115989.38628269188
2017-07-31,GROCERY I,Prophet,3,88937.0,81207.91980560363
2017-08-01,GROCERY I,Prophet,3,95071.0,71438.19958157517
2017-08-02,GROCERY I,Prophet,3,94023.0,75849.05840443805
2017-08-03,GROCERY I,Prophet,3,71860.0,62665.72753569335
2017-08-04,GROCERY I,Prophet,3,80452.0,73045.07824622435
2017-08-05,GROCERY I,Prophet,3,103033.0,110805.84494164507
2017-08-06,GROCERY I,Prophet,3,110480.0,112614.1271998892
2017-08-07,GROCERY I,Prophet,3,77444.0,78450.51409986292
2017-08-08,GROCERY I,Prophet,3,64630.0,70913.93636405196
2017-08-09,GROCERY I,Prophet,3,68303.0,75347.8621656234
2017-08-10,GROCERY I,Prophet,3,59918.0,63529.66528545383
2017-08-11,GROCERY I,Prophet,3,81861.0,83359.13037298164
2017-08-12,GROCERY I,Prophet,3,75472.0,103540.59362349645
2017-08-13,GROCERY I,Prophet,3,86199.0,114695.99890998648
2017-08-14,GROCERY I,Prophet,3,70252.0,80975.03927820531
2017-08-15,GROCERY I,Prophet,3,68534.0,82158.43190529784
2017-07-19,GROCERY I,XGBoost,3,75703.0,75209.78125
2017-07-20,GROCERY I,XGBoost,3,68399.0,65790.765625
2017-07-21,GROCERY I,XGBoost,3,79603.0,78383.234375
2017-07-22,GROCERY I,XGBoost,3,96440.0,101258.3671875
2017-07-23,GROCERY I,XGBoost,3,112659.0,116590.1328125
2017-07-24,GROCERY I,XGBoost,3,79878.0,86043.8671875
2017-07-25,GROCERY I,XGBoost,3,67554.0,82621.4453125
2017-07-26,GROCERY I,XGBoost,3,70883.0,77663.6640625
2017-07-27,GROCERY I,XGBoost,3,61865.0,62445.3359375
2017-07-28,GROCERY I,XGBoost,3,80764.0,77909.40625
2017-07-29,GROCERY I,XGBoost,3,105042.0,105545.3671875
2017-07-30,GROCERY I,XGBoost,3,118605.0,115293.8125
2017-07-31,GROCERY I,XGBoost,3,88937.0,81776.5234375
2017-08-01,GROCERY I,XGBoost,3,95071.0,72309.6953125
2017-08-02,GROCERY I,XGBoost,3,94023.0,73993.328125
2017-08-03,GROCERY I,XGBoost,3,71860.0,67786.7109375
2017-08-04,GROCERY I,XGBoost,3,80452.0,76456.5078125
2017-08-05,GROCERY I,XGBoost,3,103033.0,103452.2578125
2017-08-06,GROCERY I,XGBoost,3,110480.0,117440.9921875
2017-08-07,GROCERY I,XGBoost,3,77444.0,81418.515625
2017-08-08,GROCERY I,XGBoost,3,64630.0,69652.2265625
2017-08-09,GROCERY I,XGBoost,3,68303.0,71341.921875
2017-08-10,GROCERY I,XGBoost,3,59918.0,62192.11328125
2017-08-11,GROCERY I,XGBoost,3,81861.0,80963.71875
2017-08-12,GROCERY I,XGBoost,3,75472.0,100943.109375
2017-08-13,GROCERY I,XGBoost,3,86199.0,114868.3046875
2017-08-14,GROCERY I,XGBoost,3,70252.0,79079.421875
2017-08-15,GROCERY I,XGBoost,3,68534.0,77521.375
2017-07-19,MEATS,Seasonal naive,3,6684.83,6771.1990000000005
2017-07-20,MEATS,Seasonal naive,3,6166.118,5706.053
2017-07-21,MEATS,Seasonal naive,3,15529.321,14299.515
2017-07-22,MEATS,Seasonal naive,3,9549.463,8830.516
2017-07-23,MEATS,Seasonal naive,3,10578.449,9678.851
2017-07-24,MEATS,Seasonal naive,3,8083.501,7595.163
2017-07-25,MEATS,Seasonal naive,3,6380.423,6494.841
2017-07-26,MEATS,Seasonal naive,3,6799.515,6771.1990000000005
2017-07-27,MEATS,Seasonal naive,3,5741.921,5706.053
2017-07-28,MEATS,Seasonal naive,3,14059.24,14299.515
2017-07-29,MEATS,Seasonal naive,3,8832.471,8830.516
2017-07-30,MEATS,Seasonal naive,3,9660.242,9678.851
2017-07-31,MEATS,Seasonal naive,3,7812.242,7595.163
2017-08-01,MEATS,Seasonal naive,3,8252.886,6494.841
2017-08-02,MEATS,Seasonal naive,3,8077.528999999999,6771.1990000000005
2017-08-03,MEATS,Seasonal naive,3,7107.806,5706.053
2017-08-04,MEATS,Seasonal naive,3,14601.962,14299.515
2017-08-05,MEATS,Seasonal naive,3,9875.628,8830.516
2017-08-06,MEATS,Seasonal naive,3,9826.141,9678.851
2017-08-07,MEATS,Seasonal naive,3,7032.976,7595.163
2017-08-08,MEATS,Seasonal naive,3,6532.006,6494.841
2017-08-09,MEATS,Seasonal naive,3,6649.394,6771.1990000000005
2017-08-10,MEATS,Seasonal naive,3,6321.503,5706.053
2017-08-11,MEATS,Seasonal naive,3,13654.865000000002,14299.515
2017-08-12,MEATS,Seasonal naive,3,7781.973,8830.516
2017-08-13,MEATS,Seasonal naive,3,7844.238,9678.851
2017-08-14,MEATS,Seasonal naive,3,7227.293,7595.163
2017-08-15,MEATS,Seasonal naive,3,6725.774,6494.841
2017-07-19,MEATS,Prophet,3,6684.83,6970.750264766209
2017-07-20,MEATS,Prophet,3,6166.118,6093.261087575144
2017-07-21,MEATS,Prophet,3,15529.321,12917.163630439043
2017-07-22,MEATS,Prophet,3,9549.463,9618.118796613204
2017-07-23,MEATS,Prophet,3,10578.449,10245.5272144614
2017-07-24,MEATS,Prophet,3,8083.501,7448.369899558346
2017-07-25,MEATS,Prophet,3,6380.423,6810.635657985238
2017-07-26,MEATS,Prophet,3,6799.515,6741.754155909747
2017-07-27,MEATS,Prophet,3,5741.921,5866.613401210557
2017-07-28,MEATS,Prophet,3,14059.24,12759.463597224449
2017-07-29,MEATS,Prophet,3,8832.471,9398.389768893732
2017-07-30,MEATS,Prophet,3,9660.242,9602.686867440178
2017-07-31,MEATS,Prophet,3,7812.242,6809.682424661276
2017-08-01,MEATS,Prophet,3,8252.886,6176.863788317991
2017-08-02,MEATS,Prophet,3,8077.528999999999,6544.871174703675
2017-08-03,MEATS,Prophet,3,7107.806,5683.568171537692
2017-08-04,MEATS,Prophet,3,14601.962,12600.343652573083
2017-08-05,MEATS,Prophet,3,9875.628,9699.791911855127
2017-08-06,MEATS,Prophet,3,9826.141,9507.037329740557
2017-08-07,MEATS,Prophet,3,7032.976,6736.227195967509
2017-08-08,MEATS,Prophet,3,6532.006,6147.427221748769
2017-08-09,MEATS,Prophet,3,6649.394,6545.402886207414
2017-08-10,MEATS,Prophet,3,6321.503,5725.285835189054
2017-08-11,MEATS,Prophet,3,13654.865000000002,13085.846725576226
2017-08-12,MEATS,Prophet,3,7781.973,9362.872447250946
2017-08-13,MEATS,Prophet,3,7844.238,9628.276833448072
2017-08-14,MEATS,Prophet,3,7227.293,6883.5910103381575
2017-08-15,MEATS,Prophet,3,6725.774,6739.512388105906
2017-07-19,MEATS,XGBoost,3,6684.83,8556.515625
2017-07-20,MEATS,XGBoost,3,6166.118,7745.939453125
2017-07-21,MEATS,XGBoost,3,15529.321,16395.58984375
2017-07-22,MEATS,XGBoost,3,9549.463,11995.740234375
2017-07-23,MEATS,XGBoost,3,10578.449,10434.3662109375
2017-07-24,MEATS,XGBoost,3,8083.501,7956.9013671875
2017-07-25,MEATS,XGBoost,3,6380.423,7856.080078125
2017-07-26,MEATS,XGBoost,3,6799.515,9179.0869140625
2017-07-27,MEATS,XGBoost,3,5741.921,8573.8310546875
2017-07-28,MEATS,XGBoost,3,14059.24,17471.994140625
2017-07-29,MEATS,XGBoost,3,8832.471,14632.619140625
2017-07-30,MEATS,XGBoost,3,9660.242,11883.955078125
2017-07-31,MEATS,XGBoost,3,7812.242,8752.0908203125
2017-08-01,MEATS,XGBoost,3,8252.886,8869.7802734375
2017-08-02,MEATS,XGBoost,3,8077.528999999999,10565.1796875
2017-08-03,MEATS,XGBoost,3,7107.806,8277.451171875
2017-08-04,MEATS,XGBoost,3,14601.962,17908.447265625
2017-08-05,MEATS,XGBoost,3,9875.628,15926.005859375
2017-08-06,MEATS,XGBoost,3,9826.141,12019.8720703125
2017-08-07,MEATS,XGBoost,3,7032.976,7730.87158203125
2017-08-08,MEATS,XGBoost,3,6532.006,9164.3583984375
2017-08-09,MEATS,XGBoost,3,6649.394,10698.078125
2017-08-10,MEATS,XGBoost,3,6321.503,8536.2998046875
2017-08-11,MEATS,XGBoost,3,13654.865000000002,18780.923828125
2017-08-12,MEATS,XGBoost,3,7781.973,16817.76171875
2017-08-13,MEATS,XGBoost,3,7844.238,14111.65234375
2017-08-14,MEATS,XGBoost,3,7227.293,8130.64794921875
2017-08-15,MEATS,XGBoost,3,6725.774,9291.6201171875
2017-07-19,POULTRY,Seasonal naive,3,7440.745,7655.415
2017-07-20,POULTRY,Seasonal naive,3,7174.087,6023.286
2017-07-21,POULTRY,Seasonal naive,3,15028.373,15423.06
2017-07-22,POULTRY,Seasonal naive,3,10474.897,10860.036
2017-07-23,POULTRY,Seasonal naive,3,13119.245,13163.521
2017-07-24,POULTRY,Seasonal naive,3,9213.829,9007.39
2017-07-25,POULTRY,Seasonal naive,3,6951.781,7729.308
2017-07-26,POULTRY,Seasonal naive,3,7000.798,7655.415
2017-07-27,POULTRY,Seasonal naive,3,6249.153,6023.286
2017-07-28,POULTRY,Seasonal naive,3,14800.013,15423.06
2017-07-29,POULTRY,Seasonal naive,3,11064.21,10860.036
2017-07-30,POULTRY,Seasonal naive,3,12952.201,13163.521
2017-07-31,POULTRY,Seasonal naive,3,9176.784,9007.39
2017-08-01,POULTRY,Seasonal naive,3,9567.545,7729.308
2017-08-02,POULTRY,Seasonal naive,3,9462.346,7655.415
2017-08-03,POULTRY,Seasonal naive,3,7668.986,6023.286
2017-08-04,POULTRY,Seasonal naive,3,15187.709,15423.06
2017-08-05,POULTRY,Seasonal naive,3,11260.401,10860.036
2017-08-06,POULTRY,Seasonal naive,3,12450.888,13163.521
2017-08-07,POULTRY,Seasonal naive,3,8956.229,9007.39
2017-08-08,POULTRY,Seasonal naive,3,7120.123,7729.308
2017-08-09,POULTRY,Seasonal naive,3,7451.532,7655.415
2017-08-10,POULTRY,Seasonal naive,3,6417.847,6023.286
2017-08-11,POULTRY,Seasonal naive,3,11891.455,15423.06
2017-08-12,POULTRY,Seasonal naive,3,8866.164,10860.036
2017-08-13,POULTRY,Seasonal naive,3,9791.648,13163.521
2017-08-14,POULTRY,Seasonal naive,3,9072.071,9007.39
2017-08-15,POULTRY,Seasonal naive,3,7978.414,7729.308
2017-07-19,POULTRY,Prophet,3,7440.745,8029.781036496261
2017-07-20,POULTRY,Prophet,3,7174.087,6591.104437759932
2017-07-21,POULTRY,Prophet,3,15028.373,13368.702705110572
2017-07-22,POULTRY,Prophet,3,10474.897,11517.726824264288
2017-07-23,POULTRY,Prophet,3,13119.245,13349.939312318333
2017-07-24,POULTRY,Prophet,3,9213.829,8973.81898212469
2017-07-25,POULTRY,Prophet,3,6951.781,8193.558300502016
2017-07-26,POULTRY,Prophet,3,7000.798,7692.465264867784
2017-07-27,POULTRY,Prophet,3,6249.153,6267.341082121856
2017-07-28,POULTRY,Prophet,3,14800.013,13074.33964252138
2017-07-29,POULTRY,Prophet,3,11064.21,11217.762670480775
2017-07-30,POULTRY,Prophet,3,12952.201,12495.514675905457
2017-07-31,POULTRY,Prophet,3,9176.784,8136.677513667189
2017-08-01,POULTRY,Prophet,3,9567.545,7345.499616280866
2017-08-02,POULTRY,Prophet,3,9462.346,7431.843948284928
2017-08-03,POULTRY,Prophet,3,7668.986,6025.743099484553
2017-08-04,POULTRY,Prophet,3,15187.709,12897.95967955042
2017-08-05,POULTRY,Prophet,3,11260.401,11626.252015416458
2017-08-06,POULTRY,Prophet,3,12450.888,12371.603578808208
2017-08-07,POULTRY,Prophet,3,8956.229,8068.6139543817535
2017-08-08,POULTRY,Prophet,3,7120.123,7321.964903447987
2017-08-09,POULTRY,Prophet,3,7451.532,7455.043319562585
2017-08-10,POULTRY,Prophet,3,6417.847,6097.209067946335
2017-08-11,POULTRY,Prophet,3,11891.455,13482.497563945826
2017-08-12,POULTRY,Prophet,3,8866.164,11191.164214890534
2017-08-13,POULTRY,Prophet,3,9791.648,12557.91089609202
2017-08-14,POULTRY,Prophet,3,9072.071,8243.477825550975
2017-08-15,POULTRY,Prophet,3,7978.414,8092.618796371884
2017-07-19,POULTRY,XGBoost,3,7440.745,9705.994140625
2017-07-20,POULTRY,XGBoost,3,7174.087,7674.517578125
2017-07-21,POULTRY,XGBoost,3,15028.373,16767.294921875
2017-07-22,POULTRY,XGBoost,3,10474.897,13511.1806640625
2017-07-23,POULTRY,XGBoost,3,13119.245,13565.8466796875
2017-07-24,POULTRY,XGBoost,3,9213.829,9272.353515625
2017-07-25,POULTRY,XGBoost,3,6951.781,8846.2548828125
2017-07-26,POULTRY,XGBoost,3,7000.798,9916.484375
2017-07-27,POULTRY,XGBoost,3,6249.153,7997.6455078125
2017-07-28,POULTRY,XGBoost,3,14800.013,17271.6875
2017-07-29,POULTRY,XGBoost,3,11064.21,15946.599609375
2017-07-30,POULTRY,XGBoost,3,12952.201,14623.2001953125
2017-07-31,POULTRY,XGBoost,3,9176.784,9158.90234375
2017-08-01,POULTRY,XGBoost,3,9567.545,10006.9150390625
2017-08-02,POULTRY,XGBoost,3,9462.346,10376.396484375
2017-08-03,POULTRY,XGBoost,3,7668.986,8096.66748046875
2017-08-04,POULTRY,XGBoost,3,15187.709,18270.693359375
2017-08-05,POULTRY,XGBoost,3,11260.401,16781.146484375
2017-08-06,POULTRY,XGBoost,3,12450.888,14750.0478515625
2017-08-07,POULTRY,XGBoost,3,8956.229,9090.5234375
2017-08-08,POULTRY,XGBoost,3,7120.123,10213.1220703125
2017-08-09,POULTRY,XGBoost,3,7451.532,9986.12109375
2017-08-10,POULTRY,XGBoost,3,6417.847,8424.2998046875
2017-08-11,POULTRY,XGBoost,3,11891.455,18787.509765625
2017-08-12,POULTRY,XGBoost,3,8866.164,18839.701171875
2017-08-13,POULTRY,XGBoost,3,9791.648,17227.94140625
2017-08-14,POULTRY,XGBoost,3,9072.071,10512.90234375
2017-08-15,POULTRY,XGBoost,3,7978.414,9860.4873046875
2017-07-19,PRODUCE,Seasonal naive,3,71078.042,70519.429
2017-07-20,PRODUCE,Seasonal naive,3,42704.657,38951.126
2017-07-21,PRODUCE,Seasonal naive,3,49322.439,48947.521
2017-07-22,PRODUCE,Seasonal naive,3,60272.273,61258.368
2017-07-23,PRODUCE,Seasonal naive,3,70477.9,76731.697
2017-07-24,PRODUCE,Seasonal naive,3,50727.889,52386.498
2017-07-25,PRODUCE,Seasonal naive,3,40596.513,41396.778
2017-07-26,PRODUCE,Seasonal naive,3,67809.44099999999,70519.429
2017-07-27,PRODUCE,Seasonal naive,3,39305.867,38951.126
2017-07-28,PRODUCE,Seasonal naive,3,49175.746,48947.521
2017-07-29,PRODUCE,Seasonal naive,3,61389.057,61258.368
2017-07-30,PRODUCE,Seasonal naive,3,71507.621,76731.697
2017-07-31,PRODUCE,Seasonal naive,3,55067.711,52386.498
2017-08-01,PRODUCE,Seasonal naive,3,51402.142,41396.778
2017-08-02,PRODUCE,Seasonal naive,3,80270.643,70519.429
2017-08-03,PRODUCE,Seasonal naive,3,42026.524,38951.126
2017-08-04,PRODUCE,Seasonal naive,3,50313.693,48947.521
2017-08-05,PRODUCE,Seasonal naive,3,60878.361,61258.368
2017-08-06,PRODUCE,Seasonal naive,3,70076.32800000001,76731.697
2017-08-07,PRODUCE,Seasonal naive,3,49826.653,52386.498
2017-08-08,PRODUCE,Seasonal naive,3,41266.461,41396.778
2017-08-09,PRODUCE,Seasonal naive,3,66017.562,70519.429
2017-08-10,PRODUCE,Seasonal naive,3,37701.872,38951.126
2017-08-11,PRODUCE,Seasonal naive,3,53553.768,48947.521
2017-08-12,PRODUCE,Seasonal naive,3,51280.086,61258.368
2017-08-13,PRODUCE,Seasonal naive,3,60365.246,76731.697
2017-08-14,PRODUCE,Seasonal naive,3,51878.295,52386.498
2017-08-15,PRODUCE,Seasonal naive,3,45533.144,41396.778
2017-07-19,PRODUCE,Prophet,3,71078.042,91147.42380311964
2017-07-20,PRODUCE,Prophet,3,42704.657,55962.47117360067
2017-07-21,PRODUCE,Prophet,3,49322.439,59968.99316818299
2017-07-22,PRODUCE,Prophet,3,60272.273,69758.06802006347
2017-07-23,PRODUCE,Prophet,3,70477.9,77343.92705910848
2017-07-24,PRODUCE,Prophet,3,50727.889,65097.04273728955
2017-07-25,PRODUCE,Prophet,3,40596.513,60660.5804685543
2017-07-26,PRODUCE,Prophet,3,67809.44099999999,88282.58506286707
2017-07-27,PRODUCE,Prophet,3,39305.867,53179.44819955578
2017-07-28,PRODUCE,Prophet,3,49175.746,56986.35470712034
2017-07-29,PRODUCE,Prophet,3,61389.057,66126.71569098021
2017-07-30,PRODUCE,Prophet,3,71507.621,69444.34929086737
2017-07-31,PRODUCE,Prophet,3,55067.711,56767.84954202593
2017-08-01,PRODUCE,Prophet,3,51402.142,51159.754559767935
2017-08-02,PRODUCE,Prophet,3,80270.643,82805.07037304237
2017-08-03,PRODUCE,Prophet,3,42026.524,46611.450041351054
2017-08-04,PRODUCE,Prophet,3,50313.693,50336.484864653554
2017-08-05,PRODUCE,Prophet,3,60878.361,62611.89486867771
2017-08-06,PRODUCE,Prophet,3,70076.32800000001,62059.76309410047
2017-08-07,PRODUCE,Prophet,3,49826.653,49412.706196678686
2017-08-08,PRODUCE,Prophet,3,41266.461,44585.029705014174
2017-08-09,PRODUCE,Prophet,3,66017.562,76714.09845942135
2017-08-10,PRODUCE,Prophet,3,37701.872,40721.2781655017
2017-08-11,PRODUCE,Prophet,3,53553.768,48944.37299295755
2017-08-12,PRODUCE,Prophet,3,51280.086,54847.29821158767
2017-08-13,PRODUCE,Prophet,3,60365.246,58936.042984793865
2017-08-14,PRODUCE,Prophet,3,51878.295,46885.511834063785
2017-08-15,PRODUCE,Prophet,3,45533.144,46588.24162874264
2017-07-19,PRODUCE,XGBoost,3,71078.042,68983.4140625
2017-07-20,PRODUCE,XGBoost,3,42704.657,43827.5390625
2017-07-21,PRODUCE,XGBoost,3,49322.439,50801.921875
2017-07-22,PRODUCE,XGBoost,3,60272.273,64908.1015625
2017-07-23,PRODUCE,XGBoost,3,70477.9,74633.890625
2017-07-24,PRODUCE,XGBoost,3,50727.889,57957.22265625
2017-07-25,PRODUCE,XGBoost,3,40596.513,47084.6484375
2017-07-26,PRODUCE,XGBoost,3,67809.44099999999,70769.9921875
2017-07-27,PRODUCE,XGBoost,3,39305.867,50204.94140625
2017-07-28,PRODUCE,XGBoost,3,49175.746,53825.3515625
2017-07-29,PRODUCE,XGBoost,3,61389.057,69604.578125
2017-07-30,PRODUCE,XGBoost,3,71507.621,80975.515625
2017-07-31,PRODUCE,XGBoost,3,55067.711,58806.85546875
2017-08-01,PRODUCE,XGBoost,3,51402.142,48484.6484375
2017-08-02,PRODUCE,XGBoost,3,80270.643,73049.890625
2017-08-03,PRODUCE,XGBoost,3,42026.524,51552.9453125
2017-08-04,PRODUCE,XGBoost,3,50313.693,55328.02734375
2017-08-05,PRODUCE,XGBoost,3,60878.361,73830.6015625
2017-08-06,PRODUCE,XGBoost,3,70076.32800000001,81620.4765625
2017-08-07,PRODUCE,XGBoost,3,49826.653,54838.57421875
2017-08-08,PRODUCE,XGBoost,3,41266.461,47815.5546875
2017-08-09,PRODUCE,XGBoost,3,66017.562,69643.6640625
2017-08-10,PRODUCE,XGBoost,3,37701.872,50572.0859375
2017-08-11,PRODUCE,XGBoost,3,53553.768,57318.22265625
2017-08-12,PRODUCE,XGBoost,3,51280.086,71366.59375
2017-08-13,PRODUCE,XGBoost,3,60365.246,83022.4140625
2017-08-14,PRODUCE,XGBoost,3,51878.295,54621.3515625
2017-08-15,PRODUCE,XGBoost,3,45533.144,51378.671875
